37.06,215.72
8.67,140.63
181.41,436.9
58.52,150.18
124.84,359.08
31.2,299.01
56.57,166.57
15.61,237.57
57.2,266.24
136.93,260.78
24.27,92.84
24.27,148.82
20.8,136.53
216.52,475.13
26,88.74
146.3,266.24
52,191.15
24.27,278.53
26,154.28
26,76.46
109.2,187.05
52,92.84
195.07,704.51
704.19,535.21
117.04,117.42
11.7,195.24
78,223.91
130,301.74
29.47,140.63
7.8,137.9
3.9,230.74
10.4,38.23
26,165.2
175.56,278.53
12.13,152.92
58.52,155.65
204.82,307.2
3.9,109.23
60.67,278.53
41.6,234.83
29.47,292.18
15.61,204.8
130,368.64
26,84.65
27.31,150.19
109.2,206.16
5.2,289.45
130,309.93
36.4,103.76
3.47,169.3
13.87,125.61
20.8,158.38
3.9,21.85
31.2,176.12
19.51,146.09
83.2,114.69
37.06,323.58
27.73,253.95
17.33,132.44
66.32,380.93
29.26,8.19
27.73,163.84
19.8,148.82
31.2,294.91
29.47,176.13
26,65.53
26,76.46
109.24,131.07
140.4,395.94
13.65,146.09
26,196.61
26,223.91
31.21,159.74
68.27,344.06
669.08,330.41
6.93,73.73
29.47,248.49
104,884.73
31.2,196.61
31.2,148.82
114.4,413.69
223.6,578.9
64.13,699.05
682.73,251.22
704.19,374.1
41.6,271.7
53.73,245.76
32.93,199.34
119.13,102.4
146.3,217.09
20.8,154.28
31.2,241.66
11.7,159.74
22.53,148.82
13.65,163.84
22.53,169.3
120.94,113.32
6.27,127.27
185.31,546.13
27.73,192.51
45.07,267.6
122.89,117.42
692.49,311.29
26,90.11
204.82,279.89
26,163.84
24.27,157.01
22.53,144.72
175.56,253.95
20.8,114.69
19.51,165.2
27.73,137.9
17.56,178.86
142.13,383.66
12.13,278.53
10.4,120.15
17.56,177.49
232.13,479.23
19.51,188.41
22.53,177.49
29.26,8.19
13.65,139.26
175.56,518.83
237.98,671.74
8.67,60.07
34.67,237.57
52,300.37
10.4,60.07
118.99,126.97
17.33,158.38
118.99,454.65
17.33,335.87
109.2,1097.73
26,92.84
5.85,131.07
109.2,1043.11
32.93,141.99
10.4,117.42
26,71
144.35,86.01
5.85,148.82
32.93,380.93
58.52,180.22
31.2,262.14
32.93,161.11
1.73,43.69
52,294.91
700.29,319.49
682.73,308.56
13.87,121.51
46.8,223.91
115.09,363.18
105.34,395.95
48.53,266.24
19.07,114.69
31.2,274.43
251.64,383.66
25.2,188.41
20.8,125.61
62.4,240.3
17.33,161.11
13.65,148.82
27,144.72
29.26,151.55
15.61,181.59
17.56,192.51
26,58.71
11.7,237.57
31.2,294.91
29.47,184.32
26,136.53
83.2,267.6
26,248.49
72.8,376.83
20.8,120.15
10.4,128.34
15.61,152.92
208,901.12
249.69,858.11
27.73,158.38
33.16,152.92
12.13,166.57
34.67,98.3
145.6,249.85
87.78,341.33
15.6,207.53
12.13,139.26
24.27,122.88
27.73,197.97
36.4,212.99
36.4,197.97
75.6,649.9
335.51,503.81
26,245.76
120.94,151.55
24.27,147.45
15.6,135.17
191.17,245.76
62.4,293.54
23.41,401.41
140.45,479.23
7.8,148.82
20.8,157.01
52,155.65
52,344.06
261.73,944.81
9.75,94.21
9.75,158.38
170.68,122.88
15.61,161.11
199.33,535.21
338,1490.94
15.6,148.82
13.65,199.34
21.46,233.47
103.39,345.43
53.73,278.53
28.8,150.19
27.73,143.36
17.56,143.36
31.2,181.59
10.4,240.3
3.47,101.03
31.2,195.24
13.87,143.36
20.8,131.07
144.35,378.2
237.47,802.81
3.47,54.61
17.56,181.59
78.03,319.49
107.47,1130.49
31.2,166.57
7.8,147.46
191.17,252.58
179.46,453.29
17.56,177.49
19.07,273.07
54.62,163.84
68.27,311.29
1.73,92.84
78,240.3
45.07,196.61
17.56,141.99
6.93,60.07
27,172.03
72.17,131.07
26,202.07
24.27,159.74
23.41,204.8
26,203.43
43.33,260.78
17.56,192.51
5.85,38.23
5.2,98.3
36.4,180.22
55.47,447.83
52,150.19
15.61,165.2
31.21,228.01
62.42,318.12
26,163.84
678.83,395.94
7.8,137.9
170.68,122.88
19.51,169.3
13.87,159.74
120.94,561.15
31.2,259.41
31.2,180.22
27.73,158.38
5.85,154.28
56.57,161.11
52,174.76
95.58,354.98
8.67,161.11
9.75,152.92
6.93,81.92
97.53,798.72
218.4,699.05
15.61,247.12
17.33,131.07
32.93,202.07
26,202.07
156,217.09
17.33,152.92
17.56,155.65
220.13,912.04
119.6,339.97
676.88,335.87
173.61,589.82
31.2,122.88
76.27,327.68
46.8,311.29
32.93,148.82
197.02,573.44
144.35,449.19
26,55.98
26,311.3
13.87,166.57
13.87,111.96
58.52,139.26
130,442.37
31.2,240.3
191.17,303.1
145.6,256.68
78.03,403.45
22.29,207.72
208,682.66
26,66.9
150.2,359.08
58.52,152.92
241.88,326.31
13.87,120.15
407.33,1474.56
7.8,131.07
36.4,229.37
10.4,54.61
31.2,180.22
3.9,90.11
29.26,10.92
20.8,65.54
132.65,398.68
58.52,147.45
9.75,159.74
31.2,181.59
27.73,204.8
31.2,233.47
3.47,95.57
45.07,245.76
26,65.53
46.8,228.01
36.4,218.45
19.51,147.46
58.52,319.49
35.11,178.86
358.8,1370.79
19.51,126.97
10.4,139.26
148.39,384.73
78.03,309.93
24.27,174.76
27.73,192.51
34.67,43.69
98.8,212.99
36.4,87.38
31.2,155.65
27.73,204.8
10.4,27.31
107.29,294.91
15.6,158.38
19.51,238.93
144.35,409.6
22.53,161.11
31.2,271.7
22.53,176.13
50.72,301.05
5.85,128.34
175.56,304.47
17.33,202.07
17.56,152.92
17.56,176.13
32.93,236.2
12.13,103.76
10.4,150.19
117.04,166.57
146.3,266.24
5.85,146.09
254.8,1004.88
256.53,527.02
10.4,169.3
33.16,32.77
19.07,237.57
38.13,258.05
26,431.44
191.17,341.33
33.16,140.63
185.31,372.73
15.61,118.78
135.2,238.93
146.3,174.76
682.73,404.14
5.2,141.99
22.53,154.28
17.56,181.59
140.4,279.89
31.2,193.87
13.87,135.17
682.73,259.41
15.61,195.24
26,212.99
259.44,715.43
17.33,126.97
17.56,147.46
6.93,76.46
24.27,51.88
9.75,163.84
31.2,229.37
12.13,144.72
76.08,233.47
175.56,415.06
204.82,578.9
27.73,232.1
26,234.83
36.4,228.01
45.07,177.49
27.73,172.03
3.47,21.85
54.62,441
76.27,212.99
208,606.21
99.48,420.52
78.03,427.35
5.85,126.97
68.27,398.68
36.4,16.38
27.73,214.36
26,72.36
31.2,203.43
142.4,431.44
678.83,349.52
351.87,802.81
136.93,233.47
72.17,371.37
130,324.95
5.2,68.27
175.56,282.62
112.67,475.13
53.73,301.74
40.96,193.87
15.6,103.76
134.6,387.75
117.04,116.05
7.8,147.45
56.57,161.11
268.67,1152.34
148.25,405.5
26,87.38
12.13,92.84
36.4,114.69
53.73,307.2
700.29,360.45
17.33,109.23
10.4,21.84
10.4,212.99
504.4,759.12
27.73,173.4
78.03,380.93
26,129.71
17.56,195.24
17.33,117.42
227.07,481.96
13.87,76.46
19.07,159.74
128.27,319.49
38.13,303.1
34.67,162.47
15.61,169.3
32.93,184.32
5.85,111.96
148.25,374.1
21.46,204.8
13.87,139.26
26,131.07
247.73,360.45
17.56,193.88
211.09,399.36
26,202.07
93.63,346.79
142.4,397.31
121.33,208.89
15.61,187.05
31.2,203.43
15.6,135.17
17.33,159.74
26,84.65
832.93,382.29
13.87,339.97
39.87,237.57
17.33,155.65
50.27,241.66
10.4,180.22
37.06,227.33
15.61,151.55
31.2,236.2
6.93,163.84
81.47,1288.87
48.53,266.24
19.8,147.45
26,169.3
31.2,316.76
26,159.74
25.2,151.55
5.85,176.13
123.07,434.17
24.27,81.92
32.93,147.46
684.67,537.94
27.31,161.11
10.4,155.65
73.15,356.93
29.47,228.01
5.85,62.8
147.33,203.43
8.67,21.84
117.04,120.15
5.85,155.65
19.07,753.66
122.89,81.92
197.02,540.67
112.67,218.45
175.56,442.37
5.2,286.72
22.53,170.67
17.33,147.45
35.11,131.07
17.33,144.72
17.56,206.16
26,256.68
15.6,155.65
242.67,802.81
204.82,292.18
57.2,327.68
324.13,1086.8
45.07,230.74
22.53,169.3
26,71
20.8,184.32
32.93,180.22
26,207.53
9.75,159.74
360.87,417.79
62.42,177.49
22.53,152.92
10.4,32.77
26,61.44
31.2,144.72
17.33,114.69
113.14,375.46
32.93,271.7
36.4,305.83
15.6,143.36
26,75.09
175.56,819.2
19.51,222.55
124.84,368.64
26,169.3
5.85,109.22
22.53,165.2
29.26,46.42
5.85,114.69
31.2,279.89
33.16,177.49
13.87,129.71
31.2,157.01
175.56,238.93
31.2,155.65
10.4,60.07
119.6,335.87
52,393.21
26,95.57
15.6,107.86
110.93,212.99
27.31,139.26
15.6,120.15
25.36,327.68
19.07,92.84
3.47,65.53
11.7,211.62
120.94,372.73
310.27,873.81
235.73,1206.95
170.68,122.88
20.8,247.12
31.2,245.76
19.51,131.07
32.93,177.49
42.91,393.21
3.47,122.88
60.47,286.72
104,1141.42
170.68,122.88
31.2,129.71
38.13,275.8
45.07,289.45
19.51,159.74
36.4,181.59
20.8,167.93
26,126.97
12.13,131.07
42.91,178.86
19.07,135.17
130,368.64
72.17,356.35
33.16,199.34
31.2,159.74
19.51,180.22
46.8,240.3
116.13,360.45
22.53,141.99
58.52,223.91
146.3,266.24
120.94,405.5
31.2,212.99
118.99,86.01
6.93,92.84
36.4,262.14
10.4,81.92
52,180.22
43.33,217.09
19.07,152.92
14.86,163.84
8.67,120.15
114.4,339.97
10.4,71
34.67,185.68
5.85,180.22
48.53,300.37
5.2,245.76
126.79,417.79
58.52,234.06
5.2,139.26
31.2,184.32
31.2,218.45
17.56,270.33
19.51,180.22
105.34,350.89
34.67,234.83
37.06,182.95
31.2,221.18
120.94,397.31
26,247.12
17.33,143.36
12.13,131.07
10.4,182.95
20.8,188.41
31.2,155.65
15.6,167.93
688.59,335.87
1.95,166.57
154.27,277.16
26,165.2
19.07,184.32
5.85,98.3
175.56,360.45
26,240.3
78.03,538.62
35.11,140.63
163.86,348.16
12.13,103.76
11.7,144.72
19.51,151.55
56.57,288.77
198.97,438.27
12.13,155.65
34.67,245.76
126.79,551.59
189.21,395.94
41.6,222.55
21.46,159.74
15.6,163.84
52,256.68
9.75,147.45
299.87,1332.56
35.11,187.05
175.56,297.64
45.07,232.1
17.33,158.38
15.61,161.11
5.2,109.23
27.73,166.57
36.4,229.38
10.4,90.11
26,96.94
218.4,939.35
19.07,87.38
20.8,189.78
58.52,229.37
10.4,143.36
58.52,289.45
26,185.68
31.2,200.7
208,775.51
130,299.01
31.2,157.01
29.47,187.05
83.88,346.79
251.33,1135.96
31.2,188.41
56.57,236.2
126.53,731.82
22.53,273.06
17.33,147.46
146.3,129.71
62.4,241.66
17.56,185.68
13.87,172.03
31.2,210.26
50.27,219.82
45.07,267.6
13.65,196.61
58.52,139.26
26,177.49
19.07,191.14
10.4,60.07
20.8,167.93
45.07,290.81
31.2,312.66
241.88,315.39
31.2,211.62
10.4,21.84
36.4,241.66
22.53,217.09
15.6,157.01
128.74,116.05
6.93,147.45
78.03,319.49
31.2,286.72
55.47,262.14
204.82,305.83
39.87,219.82
15.6,163.84
12.13,182.95
10.4,16.38
26,163.84
19.07,212.99
179.46,318.12
36.4,277.16
19.07,157.01
24.27,176.13
54.62,151.55
29.47,185.68
117.04,94.21
52,360.45
10.4,43.69
15.6,694.95
27.73,166.57
197.02,622.59
39.87,849.24
62.42,345.43
6.93,135.17
24.27,210.26
680.78,322.22
13.87,147.46
189.21,606.21
13.87,72.36
17.56,148.82
19.07,136.53
31.2,180.22
29.47,169.3
156,486.06
134.6,345.43
26,84.65
39.87,229.37
31.2,217.09
20.8,155.65
267.24,737.28
39.01,155.65
55.47,290.81
25.36,167.93
20.8,256.68
124.8,258.05
20.8,192.51
27,109.23
32.93,253.95
9.75,135.17
107.47,234.83
32.93,217.09
29.47,248.49
39.87,266.24
29.47,211.63
19.07,212.99
117.04,101.03
10.4,16.38
81.93,218.45
10.4,199.34
138.5,294.91
52,277.16
17.33,154.28
12.13,118.78
170.68,122.88
5.2,113.32
25.2,109.22
5.85,172.03
22.53,140.63
183.36,365.91
138.67,237.57
38.13,376.83
27.73,185.68
35.11,206.16
3.9,131.07
22.53,144.72
5.85,131.07
5.2,101.03
15.61,167.94
54.62,148.82
209.73,748.2
53.73,263.51
5.2,90.11
58.52,188.41
20.8,169.3
19.07,126.97
43.33,147.45
131.73,326.31
20.8,110.59
58.93,289.45
13.87,251.22
11.7,32.77
15.61,116.05
208,824.66
26,165.2
26,293.54
64.37,324.95
24.27,218.45
5.2,92.84
83.88,368.64
147.33,210.26
10.4,32.77
60.47,208.89
36.4,289.45
10.4,71
27.73,155.65
5.85,151.55
5.85,122.88
55.47,294.91
152.53,326.31
33.16,193.87
146.3,114.69
130,293.54
130,385.02
8.67,65.53
26,158.38
214.93,764.59
26,210.26
28.8,176.12
19.51,150.18
26,207.53
13.65,163.84
5.2,16.38
135.2,395.94
9.75,141.99
5.85,87.38
26,121.51
36.4,202.07
31.2,101.03
138.67,230.74
13.87,96.94
175.56,480.6
26,247.12
8.67,65.54
12.13,180.22
29.26,10.92
130,319.49
13.87,110.59
193.12,152.92
19.51,170.66
54.62,132.44
40.96,407.55
239.2,1103.19
26,167.93
130,359.08
15.6,212.99
175.56,633.51
31.2,289.45
246.13,851.97
19.07,86.01
277.33,1152.34
57.2,243.03
19.07,173.4
10.4,147.45
29.26,5.46
175.56,475.13
36.4,251.22
175.56,356.35
24.27,114.69
19.07,172.03
52,442.37
148.25,376.83
29.47,215.72
26,165.2
41.6,278.53
13.87,188.41
130,353.62
17.33,146.09
15.61,135.17
17.33,161.11
118.99,412.33
29.47,167.93
10.4,251.22
17.33,122.88
15.61,151.55
52,181.59
150.8,279.89
112.67,268.97
58.93,354.99
31.2,187.05
19.07,124.24
34.67,249.85
674.93,404.14
175.56,442.37
29.47,159.74
19.07,173.4
10.4,212.99
25.2,135.17
31.2,170.67
126.79,528.38
15.6,140.63
220.43,906.58
54.62,177.49
688.59,303.1
13.87,143.36
50.72,163.84
22.53,212.99
29.26,65.53
146.3,266.24
48.77,182.95
15.6,139.26
7.8,147.45
27.73,344.06
58.52,150.19
50.27,114.69
21.46,162.47
31.2,196.61
29.47,157.01
20.8,158.38
29.26,8.19
187.26,341.33
181.41,512
26,163.84
17.56,184.32
12.13,218.45
17.56,174.76
27.73,200.7
22.53,217.09
32.93,259.41
9.75,136.53
36.4,174.76
22.53,176.13
175.56,688.13
289.47,1622.01
36.4,131.07
13.87,172.03
10.4,60.07
24.27,57.34
10.4,76.46
56.57,157.01
24.27,203.43
109.2,174.76
26,193.88
36.4,180.22
15.6,109.23
15.6,172.03
29.47,143.36
29.47,218.45
29.47,229.37
17.56,170.67
265.29,268.97
116.13,218.45
31.2,188.41
13.65,191.14
39.87,805.54
298.45,324.95
12.13,43.69
19.07,95.57
144.35,81.92
31.2,126.97
10.4,158.38
26,144.72
23.41,507.9
170.68,122.88
36.4,163.84
83.88,371.37
31.2,189.78
179.46,271.7
24.27,288.08
17.56,173.4
76.27,442.37
29.47,245.76
181.41,344.06
25.36,125.61
130,348.16
173.61,409.6
17.33,163.84
20.8,137.9
22.53,248.49
11.7,139.26
218.4,514.73
170.68,122.88
150.8,251.22
26,91.48
26,49.15
26,87.38
10.4,60.07
9.75,133.8
15.6,147.45
25.36,158.38
5.85,126.97
17.33,174.76
29.47,193.87
15.6,140.63
105.34,346.79
58.52,147.45
5.85,51.88
29.47,144.72
29.47,202.07
58.52,273.07
6.93,92.84
13.87,126.97
29.47,229.37
10.4,262.14
36.4,185.68
117.04,694.95
109.2,222.55
27.73,299.01
27.31,110.59
107.29,323.58
54.62,140.63
22.53,147.45
175.56,339.97
26,228.01
32.93,225.28
22.53,196.61
45.07,251.22
62.42,259.41
10.4,57.34
135.2,279.89
130,192.51
58.52,202.07
31.2,210.26
27,136.53
58.52,166.57
45.07,212.99
17.56,188.41
74.13,356.35
26,43.69
109.2,151.55
5.85,90.11
20.8,237.57
26,263.51
42.91,131.07
36.4,223.91
112.67,402.77
13.65,151.55
55.47,282.62
32.93,166.57
29.47,248.49
175.56,292.18
251.64,513.36
175.56,350.89
10.4,73.73
26,187.05
15.61,244.39
58.52,155.65
27.73,180.22
104,1032.19
10.4,65.54
54.62,163.84
26,131.07
443.73,862.89
33.16,111.96
13.65,151.55
39.87,308.56
54.62,158.38
299.87,950.27
104,983.04
29.47,196.6
115.09,487.42
37.06,146.09
6.93,409.6
175.56,389.12
24.27,94.21
17.56,163.84
145.6,450.56
26,163.84
58.52,415.45
170.68,122.88
32.93,233.47
10.4,49.15
120.94,111.96
101.43,367.27
130,354.98
3.47,16.38
35.11,167.94
55.47,322.22
26,55.98
5.85,139.26
26,234.83
29.47,211.62
6.93,96.94
22.53,103.76
13.87,120.15
424.67,1987.92
43.33,237.57
52,53.25
15.6,155.65
13.87,116.05
15.6,136.53
10.4,139.26
9.75,81.92
43.33,192.51
27.73,178.86
9.75,141.99
26,202.07
29.47,208.89
35.11,188.41
25.2,128.34
5.85,150.18
29.47,214.35
58.52,169.3
31.2,200.7
5.85,155.65
37.06,378.88
26,120.15
70.22,329.04
118.99,375.46
8.67,135.17
31.2,101.03
20.8,289.45
234,802.81
43.33,290.81
26,77.82
35.11,140.63
19.07,245.76
46.8,146.09
29.26,73.73
39.87,282.62
126.53,370
138.67,282.62
29.47,210.26
19.51,167.93
10.4,180.22
34.67,262.14
58.52,212.99
15.6,137.9
146.3,266.24
117.04,110.59
58.52,275.8
31.2,303.1
22.53,147.45
26,32.77
26,64.17
13.87,177.49
24.27,140.63
255.54,917.5
102.27,901.12
177.51,371.37
29.26,143.36
7.8,107.86
31.2,255.32
12.13,174.76
7.8,125.61
35.11,249.85
19.51,189.78
56.57,189.78
56.57,131.07
28.8,107.86
36.4,163.84
133.47,196.61
3.47,95.57
52,415.06
50.72,163.84
20.8,348.16
27.73,165.2
26,21.84
9.75,207.53
13.65,148.82
235.73,535.21
22.53,192.51
65.87,278.53
13.65,189.78
29.47,252.58
26,62.8
17.56,195.24
26,327.68
109.2,1146.88
32.93,202.07
175.56,458.75
36.4,311.29
31.2,172.03
25.36,146.09
19.51,191.14
65.87,238.93
114.4,212.99
1.73,105.13
58.93,699.05
68.27,21.85
54.62,151.55
34.67,212.99
43.33,225.28
41.6,285.35
708.09,360.45
117.04,113.32
22.53,157.01
34.67,182.95
78.03,345.43
25.36,131.07
5.85,105.13
26,147.45
26,71
24.27,135.17
13.65,122.88
120.94,446.46
29.47,150.19
22.53,329.04
214.57,270.33
325,983.04
29.47,240.3
146.3,236.2
289.47,780.97
40.96,182.95
25.36,143.36
19.07,152.92
6.93,49.15
48.77,125.61
29.47,122.88
21.46,211.62
179.46,286.72
31.2,274.43
29.47,167.93
40.96,227.33
19.07,157.01
687.61,365.71
58.93,266.24
202.87,344.06
41.6,249.85
133.47,406.87
117.04,88.74
175.56,330.41
54.62,152.92
175.56,316.76
32.93,247.12
62.42,364.54
140.4,182.95
22.53,172.03
91.68,359.08
31.2,221.18
46.8,304.47
22.53,158.38
702.24,264.87
32.93,263.51
26,80.55
218.4,562.52
6.93,174.76
66.32,174.76
3.47,54.61
60.67,387.75
175.56,344.06
109.24,453.29
58.52,144.72
43.33,218.45
197.02,682.66
179.46,507.9
23.41,195.24
10.4,144.72
3.47,51.88
15.6,128.34
5.2,76.46
24.27,21.84
20.8,117.42
24.27,49.15
15.6,300.37
117.04,135.17
117.04,155.65
15.61,159.74
26,144.72
154.1,643.07
81.93,188.41
5.2,98.3
27.73,173.4
5.2,65.53
35.11,374.78
15.61,207.53
19.51,178.86
12.13,81.92
3.47,150.18
5.85,140.63
29.26,30.04
31.2,182.95
107.29,356.35
19.07,121.51
200.92,546.13
20.8,94.21
52.67,323.58
1.73,73.73
5.2,136.53
10.4,16.38
177.51,671.74
13.87,114.69
24.27,193.88
31.2,157.01
130.69,368.64
218.4,682.66
273.09,356.35
19.07,155.65
27.73,159.74
170.68,122.88
6.93,141.99
185.47,671.74
19.51,120.15
56.57,126.97
22.53,204.8
38.13,177.49
117.04,113.32
26,77.82
26,144.72
10.4,98.3
87.78,332.07
142.13,202.07
27.31,312.66
36.4,267.6
191.17,331.77
29.47,137.9
27.73,150.19
189.21,274.43
146.3,90.11
38.13,228.01
22.53,245.76
110.93,180.22
26,61.44
21.46,207.53
1.73,453.29
26,207.53
11.7,133.8
698.34,335.87
249.69,348.16
27.73,177.49
31.2,122.88
13.65,176.13
15.61,140.63
8.67,51.88
144.35,393.22
220.13,226.64
24.27,126.97
150.8,221.18
68.27,322.22
185.31,270.33
15.6,143.36
195.87,584.36
37.06,146.09
5.85,90.11
32.93,147.45
13.87,137.9
17.56,173.4
34.67,294.91
5.85,98.3
28.8,157.01
35.11,184.32
26,192.51
191.17,786.43
5.85,114.69
5.2,204.8
12.13,140.63
31.2,331.77
142.13,249.85
52,167.94
175.56,307.2
38.13,212.99
26,75.09
240.93,835.58
39.01,195.24
74.53,174.76
19.51,135.17
170.68,122.88
299.87,518.82
189.21,290.81
11.7,143.36
21.46,162.47
40.96,333.82
680.78,303.1
191.17,600.75
22.53,163.84
29.47,228.01
9.75,102.4
70.22,415.06
26,53.25
327.6,857.43
24.27,167.93
146.3,266.24
13.87,105.13
64.13,315.39
146.3,266.24
27.73,218.45
19.51,199.34
39.87,157.01
29.26,24.57
20.8,187.05
170.68,122.88
119.6,425.98
230.18,98.3
22.53,140.63
26,210.26
5.85,141.99
24.27,133.8
146.3,212.99
26,114.69
150.2,200.7
24.27,163.84
112.67,305.83
26,87.38
50.27,166.57
41.6,212.99
130,423.25
13.65,141.99
298.13,628.05
674.93,316.76
266.93,699.05
58.52,207.53
1.95,60.07
131.73,309.93
173.61,409.6
29.26,172.03
27.31,165.2
55.47,49.15
41.6,294.91
19.07,163.84
130,428.71
27.73,212.99
33.16,196.61
10.4,237.57
10.4,180.22
38.13,215.72
26,150.19
22.53,169.3
28.8,151.55
26,135.17
212.62,491.52
24.27,73.73
10.4,107.86
26,64.17
11.7,155.65
81.93,444.41
20.8,126.97
256.53,487.42
6.93,118.78
692.49,308.56
20.8,163.84
12.13,125.61
58.93,311.29
66.32,329.04
19.07,154.28
287.73,917.5
34.67,189.78
54.62,196.61
29.47,253.95
97.07,294.91
117.04,155.65
22.53,131.07
3.9,122.88
9.75,121.51
24.27,188.41
21.46,197.97
175.56,361.81
15.6,245.76
72.8,409.6
27.73,264.87
5.85,60.07
175.56,297.64
20.8,151.55
31.2,223.91
17.33,105.13
20.8,176.13
674.93,278.53
19.07,170.66
40.96,159.74
12.13,131.07
126.79,113.32
54.62,200.7
9.75,155.65
78.03,372.73
140.4,211.62
36.4,71
27,158.38
27.73,200.7
9.75,136.53
34.67,253.95
17.56,170.66
36.4,124.24
19.51,187.05
6.93,161.11
32.93,169.3
52,398.68
191.17,327.68
43.33,100.12
56.57,196.61
442,1529.17
117.04,109.23
32.93,141.99
31.2,206.16
9.75,203.43
13.65,217.09
138.67,217.09
27.73,264.87
26,86.01
10.4,294.91
9.75,137.9
35.11,146.09
43.33,217.09
26,173.4
117.04,116.05
56.57,162.47
245.78,364.54
17.33,234.84
13.65,147.45
13.65,147.46
32.93,270.33
123.07,450.56
79.98,380.93
32.93,243.03
52,486.06
29.47,188.41
175.56,297.64
17.33,169.3
244.4,655.36
52,251.22
144.35,339.97
31.2,256.68
26,101.03
6.93,102.4
20.8,165.2
13.87,132.44
58.52,32.77
120.94,405.5
38.13,200.7
146.3,200.7
62.4,688.13
72.17,191.14
1464.95,748.2
130,367.27
10.4,43.69
198.97,323.58
109.2,1163.26
5.85,131.07
68.27,365.91
680.78,354.98
19.07,202.07
31.2,215.72
20.8,137.9
130,311.29
31.2,240.3
45.07,206.16
31.2,151.55
26,147.46
78.03,350.89
135.2,378.2
17.33,135.17
120.94,450.56
26,245.76
10.4,114.69
235.73,596.65
36.4,180.22
31.2,217.09
19.07,158.38
8.67,107.86
15.61,193.88
54.62,253.95
17.33,158.38
17.33,184.32
31.2,163.84
17.56,196.61
29.47,319.49
13.87,159.74
15.6,103.76
9.75,166.57
27.73,167.93
12.13,139.26
27.73,240.3
17.56,181.59
78.03,324.95
183.36,264.19
140.45,393.21
5.2,71
15.61,217.09
31.2,221.18
130,334.51
27.73,218.45
38.13,131.07
34.67,181.59
6.93,57.34
26,60.07
10.4,38.23
109.2,184.32
5.85,126.97
195.07,383.66
24.27,217.09
26,251.22
109.2,204.8
26,77.82
29.26,158.38
20.8,163.84
13.87,110.59
115.09,406.87
26,126.97
119.13,318.9
24.27,135.17
29.47,248.49
43.33,327.68
52,147.45
36.4,204.8
13.65,206.16
45.07,264.87
10.4,103.76
81.47,638.97
19.07,163.84
27.31,193.88
9.75,126.97
117.04,140.63
26,98.3
1.95,233.47
150.8,274.43
27.73,133.8
15.6,311.29
36.4,173.4
10.4,215.72
140.4,266.24
9.75,143.36
31.2,307.2
26,225.28
7.8,96.94
242.67,491.52
104,1032.19
1.73,442.37
10.4,43.69
42.91,440.32
32.93,311.29
26,185.68
27.73,189.78
26,188.41
15.6,109.23
12.13,133.8
56.57,133.8
58.52,174.76
41.6,148.82
62.7,371.56
10.4,196.61
20.8,170.67
21.46,180.22
230.18,436.91
36.4,245.76
36.4,98.3
46.8,316.76
263.34,368.64
41.6,140.63
101.43,335.87
25.2,174.76
13.87,241.66
26,117.42
142.13,277.16
58.52,163.84
26,61.44
24.27,204.8
12.13,174.76
58.52,215.72
10.4,169.3
26,71
15.6,318.12
15.6,151.55
15.61,211.62
29.47,211.62
19.51,161.11
29.47,159.74
103.39,344.06
26,182.95
10.4,116.05
33.16,158.38
107.29,432.81
15.61,137.9
136.55,342.7
27.73,233.47
56.57,178.86
26,91.48
10.4,32.77
6.93,32.77
117.04,140.63
57.2,260.78
104,1097.73
15.61,155.65
26,243.03
39.87,262.14
170.68,122.88
34.67,217.09
39.87,176.13
56.57,163.84
9.75,110.59
20.8,243.03
26,159.74
12.13,141.99
34.67,267.6
195.07,320.85
29.47,223.91
45.07,249.85
27,200.7
237.47,791.89
224.33,290.81
35.11,199.34
17.33,161.11
150.8,212.99
135.2,253.95
22.53,259.41
260,737.28
15.6,109.23
5.2,128.34
5.85,167.93
36.4,354.99
36.4,234.84
15.61,218.45
24.27,229.37
22.53,192.51
1.95,294.91
5.85,185.68
200.92,315.39
45.07,267.6
117.04,133.8
145.6,244.39
78.03,331.77
56.57,136.53
26,80.55
17.33,120.15
29.47,185.68
29.26,8.19
8.67,91.48
34.67,173.4
8.67,84.65
29.47,217.09
58.52,128.34
32.93,188.41
32.93,221.18
3.47,81.92
122.89,167.93
177.51,354.99
239.93,464.21
26,76.46
58.52,131.07
218.4,715.43
31.2,188.41
150.8,230.74
107.29,393.21
706.14,371.37
58.52,169.3
173.61,393.21
26,88.74
27.73,148.82
31.2,204.8
19.07,113.32
20.8,370
26,58.71
52,354.99
12.13,103.76
112.67,266.24
10.4,318.12
3.9,54.61
32.93,148.82
8.67,150.19
60.47,431.44
195.87,638.97
15.61,151.55
19.07,105.13
71.07,644.44
36.4,529.75
48.53,208.89
31.2,237.57
12.13,196.61
54.62,178.86
146.3,90.7
34.67,273.07
19.51,393.21
14.63,150.67
81.93,87.38
27.73,180.22
54.62,139.26
22.53,154.28
17.56,137.9
39.01,368.64
136.55,488.79
58.52,147.46
17.33,229.37
344.93,791.89
26,241.66
26,81.92
76.08,184.32
52,223.91
24.27,152.92
43.33,236.2
24.27,173.4
10.4,161.11
36.4,693.59
45.07,324.95
29.47,152.92
64.37,169.3
48.53,147.46
29.26,16.38
185.47,266.24
58.52,204.8
22.53,144.72
27.73,206.16
60.67,270.33
1.73,589.82
10.4,98.3
26,202.07
135.2,214.35
3.9,114.69
55.47,249.85
13.87,95.57
596.27,1332.56
68.27,334.51
36.4,207.53
25.2,163.84
31.2,243.03
9.75,199.34
303.33,677.2
32.93,260.78
55.47,245.76
29.47,167.93
197.02,453.29
26,109.22
58.93,191.15
31.2,10.92
211.47,966.65
136.55,364.54
13.87,126.97
19.07,128.34
3.47,125.61
126.79,520.19
10.4,120.15
5.2,54.61
31.2,236.2
13.87,16.38
10.4,38.23
19.51,185.68
33.16,116.05
13.65,176.13
109.24,411.65
56.57,163.84
20.8,210.26
19.07,129.71
26,71
104,1043.11
314.06,451.92
5.2,95.57
45.07,255.32
26,109.22
81.47,281.26
36.4,180.22
251.64,401.41
10.4,256.68
19.07,247.12
20.9,184.32
5.2,122.88
21.46,180.22
10.4,76.46
175.56,573.44
58.52,155.65
130.69,125.61
15.6,131.07
15.61,165.2
15.6,140.63
31.2,263.51
52,200.7
33.43,272.09
19.07,118.78
17.33,180.22
3.47,118.78
78.03,308.56
60.47,118.78
62.42,274.43
20.8,191.14
118.99,152.92
223.6,638.97
24.27,169.3
53.73,671.74
53.73,327.68
60.67,293.54
32.93,234.83
32.93,141.99
115.09,517.46
45.07,109.23
308.53,1676.63
5.2,73.73
195.07,360.45
35.11,98.3
6.93,136.53
12.13,180.22
15.61,177.49
122.89,367.27
674.93,267.6
60.67,248.49
27.73,268.97
24.27,75.09
31.2,204.8
277.33,598.01
5.85,148.82
31.21,344.06
246.13,606.21
3.9,98.3
8.67,167.94
7.8,96.94
123.07,730.45
13.87,225.28
130.69,360.45
26,363.18
29.47,221.18
170.68,122.88
211.47,600.75
20.8,196.61
175.56,323.58
29.26,174.76
50.27,312.66
138.5,165.2
56.57,184.32
12.13,303.1
24.27,191.15
60.67,268.97
114.4,434.17
10.4,76.46
6.93,87.38
185.31,453.29
117.04,105.13
9.75,147.45
15.6,151.55
12.13,155.65
31.21,180.22
64.13,271.7
15.6,125.61
31.2,229.37
130,371.37
31.2,233.47
19.51,154.28
31.2,259.41
45.07,217.09
68.27,327.68
33.16,16.38
19.07,144.72
13.87,174.76
146.3,181.59
22.53,197.97
20.8,120.15
19.51,144.72
20.8,154.28
39.87,289.45
8.67,79.19
53.73,157.01
25.36,167.93
13.87,212.99
81.93,374.1
9.75,109.23
15.6,126.97
45.07,253.95
17.56,132.44
15.61,147.45
130,370
38.13,241.66
204.82,270.33
41.6,155.65
29.26,151.55
130,376.83
13.87,180.22
17.56,267.6
58.93,139.26
21.46,176.13
28.8,157.01
19.07,143.36
34.67,131.07
26,167.93
26,136.53
79.98,245.76
5.85,95.57
143.87,200.7
19.51,133.8
5.85,172.03
22.53,131.07
10.4,49.15
17.56,158.38
130,315.39
5.2,80.55
41.6,232.1
113.14,410.96
22.53,128.34
29.47,219.82
20.8,185.68
26,103.76
29.47,167.93
1.73,49.15
694.44,319.49
7.8,139.26
26,229.37
19.07,229.37
107.29,329.04
31.21,184.32
13.65,172.03
72.8,307.2
13.65,148.82
21.46,176.12
20.8,135.17
52,349.52
31.21,167.93
15.6,147.45
21.46,159.74
10.4,139.26
130,312.66
13.87,90.11
15.6,135.17
25.2,154.28
36.4,73.72
9.75,143.36
48.53,266.24
36.4,200.7
22.53,137.9
19.07,184.32
26,131.07
170.68,122.88
26,69.63
15.61,139.26
31.2,218.45
181.41,442.37
145.6,218.45
146.3,196.61
17.56,192.51
27.73,195.24
64.13,917.5
29.26,16.38
22.53,152.92
93.63,286.72
159.95,339.97
109.2,1114.11
10.4,177.49
60.67,303.1
97.53,376.83
28.8,135.17
17.33,121.51
140.4,255.32
29.26,161.11
15.61,177.49
138.67,195.24
19.07,105.13
200.92,262.14
78.03,376.83
36.4,305.83
17.56,191.14
12.13,404.14
31.21,253.95
5.85,16.38
223.6,595.28
52,196.61
3.9,90.11
68.27,206.16
36.4,297.64
26,81.92
166.4,824.66
13.87,147.45
13.87,161.11
22.53,199.34
134.6,389.12
34.67,185.68
31.2,155.65
130,341.33
10.4,150.19
10.4,101.03
115.09,327.68
26,91.48
133.47,233.47
34.67,110.59
10.4,212.99
19.07,110.59
60.47,326.31
15.6,158.38
29.47,203.43
31.2,241.66
35.11,180.22
119.6,292.18
57.2,270.33
120.94,432.81
81.47,677.2
35.11,307.2
146.3,220.89
123.07,364.54
117.04,102.4
20.8,217.09
46.8,249.85
105.34,404.14
175.56,311.29
249.6,786.43
26,147.45
22.53,218.45
140.4,404.14
32.93,247.12
36.4,71
157.73,595.28
43.33,131.07
132.65,506.54
27.73,180.22
20.8,152.92
17.56,180.22
60.77,184.32
26,98.3
20.8,139.26
26,229.37
103.39,367.27
7.8,163.84
9.75,159.74
54.62,557.05
26,307.2
35.11,167.93
13.87,131.07
19.51,219.82
68.27,815.1
31.2,247.12
55.47,148.82
179.46,319.49
27,114.69
29.47,268.97
31.2,290.81
17.33,181.59
31.2,210.26
136.55,338.6
34.67,185.68
218.4,649.9
5.85,129.71
68.27,368.64
13.87,174.76
9.75,165.2
19.07,141.99
130,337.24
56.57,188.41
22.53,184.32
5.85,129.71
136.93,185.68
17.33,241.66
26,92.84
208,699.05
89.73,344.06
15.6,166.57
10.4,155.65
43.33,236.2
38.13,256.68
109.2,244.39
72.8,294.91
10.4,109.23
26,256.68
22.29,162.38
43.33,223.91
36.4,223.91
22.53,141.99
130,339.97
27.73,195.24
50.72,681.98
131.73,199.34
10.4,38.23
17.33,84.65
228.8,999.42
24.27,69.63
35.11,157.01
7.8,199.34
29.47,207.53
10.4,60.07
145.6,188.41
31.2,230.74
10.4,98.3
17.56,147.46
101.43,364.54
175.56,518.83
37.06,158.38
53.73,289.45
15.61,141.99
138.67,397.31
111.19,350.89
41.6,294.91
115.09,363.18
31.21,196.61
53.73,118.78
142.13,245.76
111.19,356.35
52.67,210.26
31.2,136.53
20.8,196.61
31.2,245.76
26,218.45
5.85,118.78
29.26,237.57
26,199.34
346.67,1365.33
10.4,114.69
50.27,249.85
204.82,282.62
357.07,1097.73
270.4,589.82
146.3,161.11
234,356.35
26,73.73
58.93,136.53
31.2,221.18
101.43,485.37
29.26,8.19
208,748.2
19.07,139.26
29.47,133.8
32.93,245.76
17.33,150.19
53.73,551.59
36.4,131.07
25.36,247.12
31.2,243.03
58.93,311.3
195.07,529.75
26,222.55
17.56,192.51
197.02,303.1
13.65,157.01
56.57,150.19
10.4,38.23
68.27,323.58
170.68,122.88
31.2,148.82
688.59,374.1
130,353.62
551.2,1720.32
27.73,204.8
27,125.61
26,177.49
10.4,98.3
31.2,338.6
62.4,262.14
226.28,475.13
19.07,165.2
13.65,177.49
29.47,247.12
13.65,206.16
13.87,133.8
26,158.38
10.4,147.45
33.16,165.2
197.02,299.01
1.95,62.8
45.07,226.64
45.07,120.15
8.67,166.57
27.73,210.26
39.87,292.18
17.56,172.03
206.27,866.99
185.31,286.72
130,390.48
26,69.63
29.47,215.72
228.8,349.52
65.87,491.52
35.11,140.63
5.85,191.14
17.56,122.88
13.87,158.38
9.75,208.89
78.03,361.81
9.75,155.65
9.75,152.92
4.18,133.12
17.33,177.49
68.27,345.43
26,398.68
37.06,184.32
36.4,211.62
110.93,200.7
10.4,21.84
31.2,222.55
24.27,196.61
31.2,270.33
117.04,95.57
122.89,125.61
10.4,223.91
122.89,484.69
140.4,349.52
44.87,155.65
12.13,147.45
29.47,125.61
17.33,136.53
19.07,92.84
154.27,376.83
19.07,155.65
26,76.46
19.51,163.84
26,38.23
294.67,578.9
17.56,184.32
146.3,107.86
19.07,152.92
5.85,191.14
130,330.41
19.51,233.47
78,274.43
13.65,155.65
24.27,158.38
52,311.29
3.47,51.88
58.52,158.38
38.13,290.81
19.07,126.97
58.52,314.03
55.47,170.66
56.57,356.35
20.8,167.93
146.3,266.24
27.73,215.72
31.2,311.3
26,77.82
22.53,229.37
31.2,262.14
27.73,180.22
6.93,16.38
208,802.81
175.56,491.52
117.04,140.63
29.47,206.16
11.7,180.22
19.07,122.88
1.95,49.15
31.2,249.85
52.67,327.68
26,94.21
235.73,813.74
134.6,364.54
60.67,278.53
191.17,282.62
22.53,114.69
48.53,240.3
145.6,211.62
130,365.91
19.07,92.84
10.4,16.38
10.4,152.92
31.2,132.44
130,368.64
19.07,133.8
17.33,128.34
341.47,634.88
280.9,656.72
10.4,16.38
120.94,393.21
27.73,256.68
56.57,184.32
19.07,151.55
13.65,185.68
401.84,393.21
9.75,188.41
17.33,139.26
684.68,379.56
20.8,143.36
17.33,126.97
20.8,191.15
175.56,368.64
19.07,170.67
5.2,131.07
24.27,61.44
39.87,311.3
175.56,270.63
5.85,61.44
29.47,131.07
76.27,376.83
19.07,181.59
17.56,184.32
26,80.55
22.53,215.72
26,62.8
1.95,232.1
58.52,84.65
5.85,125.61
3.47,101.03
140.4,425.98
10.4,109.23
9.75,72.36
3.47,27.31
26,154.28
55.47,286.72
55.47,387.75
6.93,163.84
5.2,131.07
195.07,270.33
17.56,180.22
67.6,38.23
132.65,540.67
34.67,297.64
198.97,344.06
136.93,207.53
27.73,184.32
15.6,292.18
19.07,116.05
26,273.07
26,234.84
15.61,496.98
109.2,244.39
9.75,141.99
1.73,120.15
24.27,182.95
17.56,163.84
26,42.32
138.67,196.6
68.27,375.46
1.73,32.77
27.73,188.41
31.2,202.07
34.67,169.3
50.72,181.59
104,491.52
202.87,330.41
31.2,188.41
26,51.88
26,68.26
195.07,359.08
181.41,289.45
36.4,196.61
124.84,387.75
76.27,114.69
41.6,243.03
130,382.29
21.46,170.67
146.3,266.24
146.3,266.24
179.46,297.64
95.58,335.87
8.67,292.18
17.33,101.03
17.33,177.49
135.2,210.26
56.57,184.32
52,237.57
26,180.22
698.34,303.1
56.57,146.09
12.13,180.22
31.2,243.03
19.07,139.26
31.2,151.55
9.75,240.3
3.47,87.38
5.2,40.96
10.4,114.69
58.52,204.8
684.68,379.56
31.2,278.53
5.2,10.92
57.2,210.26
10.4,131.07
79.98,364.54
135.2,259.41
53.73,258.05
8.67,38.23
39.01,199.34
146.3,204.8
35.11,191.14
131.73,390.48
26,62.8
131.73,221.18
140.45,468.31
24.27,126.97
11.7,128.34
12.13,71
31.2,236.2
694.44,319.49
33.16,163.84
154.1,395.94
5.85,113.32
17.33,150.19
19.8,146.09
19.07,154.28
31.2,180.22
29.47,172.03
36.4,176.13
32.93,109.23
26,117.42
33.16,118.78
29.26,236.2
674.93,303.1
5.85,43.69
140.45,360.45
36.4,95.57
37.06,232.1
19.07,166.57
67.6,219.82
36.4,147.45
27,208.89
72.17,305.15
10.4,43.69
303.33,622.59
21.46,214.35
26,75.09
1.73,73.73
10.4,147.45
19.07,206.16
146.3,266.24
146.3,266.24
17.33,128.34
36.4,266.24
26,58.71
175.56,193.88
26,141.99
12.13,185.68
1.73,32.77
13.65,151.55
20.8,249.85
19.51,292.86
34.67,212.99
56.57,192.51
177.51,491.52
19.07,125.61
