20.8,129.71
224.33,491.52
26,60.07
179.46,252.58
5.85,118.78
26,229.37
29.26,21.84
111.19,501.08
181.41,361.81
29.47,176.13
58.93,344.06
3.47,49.15
10.4,114.69
126.79,327.68
10.4,49.15
117.87,360.45
29.26,40.96
26,196.61
126.79,495.61
26,128.34
8.67,43.69
17.56,150.19
31.2,165.2
117.04,110.59
66.32,182.95
24.27,174.76
130,372.73
170.68,122.88
29.26,10.92
5.85,122.88
17.33,91.48
32.93,155.65
200.92,382.29
39.87,234.84
20.8,131.07
140.4,413.69
26,185.68
26,65.53
31.2,167.93
118.99,432.81
27.73,323.58
206.77,327.68
1.73,393.22
138.67,292.18
13.65,151.55
22.29,327.68
36.4,196.61
71.07,578.9
31.2,207.53
150.8,413.69
17.33,113.32
50.72,133.8
29.26,24.57
36.4,316.76
198.97,304.47
676.88,341.33
9.75,176.12
122.89,96.94
76.27,819.2
17.33,88.74
60.67,331.77
25.2,128.34
10.4,335.87
58.52,155.65
110.93,436.91
26,135.17
15.61,122.88
130,376.83
146.3,266.24
31.21,170.67
144.35,540.67
31.2,243.03
13.65,193.87
17.56,178.86
35.11,155.65
204.82,326.31
19.07,154.28
24.27,180.22
10.4,103.76
24.27,393.21
117.04,131.07
109.2,212.99
551.2,1720.32
29.47,262.14
29.26,24.57
19.8,143.36
29.26,141.99
36.4,294.91
50.72,301.05
29.26,119.95
53.73,338.6
144.35,547.5
33.16,155.65
78,507.9
15.61,150.19
105.34,382.29
43.33,245.76
25.2,147.45
20.8,225.28
12.13,126.97
62.4,147.46
277.33,759.12
29.26,32.77
195.07,638.97
71.07,262.14
109.2,333.14
10.4,147.45
27.31,146.09
25.2,141.99
5.85,136.53
58.52,199.34
36.4,233.47
179.46,955.73
41.6,273.07
31.2,195.24
170.68,122.88
31.21,141.99
13.87,143.36
52,87.38
43.33,296.28
41.6,234.84
170.68,122.88
114.4,217.09
177.51,655.36
118.99,524.29
148.25,345.43
29.26,199.34
45.07,248.49
19.07,139.26
27,155.65
26,196.61
110.93,212.99
17.56,147.45
18.81,147.75
26,162.47
29.47,234.83
146.3,234.83
319.91,393.21
12.13,229.37
104,971.34
60.47,335.87
19.07,360.45
25.36,157.01
95.58,319.49
19.07,111.95
7.8,140.63
117.04,126.97
41.6,245.76
36.4,266.24
17.56,170.67
31.2,274.43
58.52,262.14
276.99,884.73
294.67,1097.73
25.2,163.84
15.6,139.26
10.4,43.69
22.53,90.11
13.65,150.19
27.73,266.24
332.8,742.74
25.36,114.69
110.93,222.55
3.47,90.11
466.27,1130.49
29.26,98.3
19.07,157.01
27.73,202.07
78,354.99
36.4,76.46
31.2,285.35
34.67,191.15
12.13,136.53
107.47,922.96
194.13,611.67
13.87,117.42
3.47,109.22
57.2,228.01
52.67,144.72
5.2,113.32
17.56,188.41
19.07,151.55
247.87,611.67
27,139.26
36.4,177.49
81.93,5111.81
175.56,279.89
175.56,458.75
17.56,188.41
5.85,131.07
1.73,16.38
29.47,150.19
19.07,158.38
36.4,163.84
175.56,483.33
234.08,294.91
29.26,2.73
32.93,196.61
7.8,92.84
117.04,101.03
5.85,81.92
143.87,214.35
10.4,128.34
17.33,143.36
26,212.99
336.27,726.36
10.4,49.15
74.53,360.45
146.3,139.26
8.67,95.57
120.94,135.17
146.3,266.24
19.8,117.42
136.55,131.07
15.61,118.78
5.2,16.38
36.4,196.61
62.42,180.22
22.53,245.76
26,81.92
102.27,196.61
19.8,122.88
26,69.63
15.6,125.61
36.4,234.84
131.73,192.51
26,75.09
35.11,131.07
3.9,107.86
26,131.07
142.13,258.05
22.53,146.09
111.19,537.94
107.47,344.06
58.52,125.61
17.56,151.55
31.2,208.89
20.8,253.95
17.33,166.57
136.93,222.55
55.47,169.3
678.83,264.87
9.75,139.26
10.4,92.84
7.8,120.15
1.73,76.46
17.56,27.31
114.4,208.89
15.61,192.51
32.93,420.52
5.85,150.19
31.2,178.86
19.51,245.76
12.13,152.92
24.27,169.3
26,77.82
12.13,212.99
15.61,177.49
13.87,117.42
29.47,212.99
146.3,266.24
91.68,155.65
31.2,122.88
34.67,237.57
31.2,188.41
26,61.44
133.47,374.1
13.65,221.18
177.51,535.21
31.21,307.2
13.87,102.4
7.8,136.53
25.36,214.35
58.52,300.37
93.63,331.77
704.19,338.6
277.33,704.51
29.47,208.89
27.73,154.28
58.52,150.19
34.67,221.18
158,368.64
7.8,125.61
45.07,285.35
251.33,666.28
136.55,614.4
10.4,196.61
101.43,385.02
45.07,241.66
676.88,368.64
65.87,268.97
177.51,292.18
27.31,204.8
19.07,141.99
20.8,327.68
7.8,161.11
26,140.63
78.03,372.73
346.67,622.59
27.73,243.03
21.46,126.97
32.93,225.28
27.73,222.55
32.93,221.18
26,229.37
175.56,502.44
58.52,32.77
15.6,131.07
109.24,323.58
58.52,163.84
29.47,172.03
5.85,111.96
29.26,16.38
130,368.64
36.4,289.45
17.56,172.03
11.7,192.51
19.07,147.45
120.94,372.73
27.73,191.14
10.4,136.53
19.07,114.69
29.26,10.92
24.27,212.99
32.93,252.58
12.13,141.99
52,267.6
17.33,131.07
251.33,791.89
26,66.9
26,146.09
175.56,326.31
6.93,229.37
22.53,126.97
26,157.01
30.6,165.2
3.47,32.77
19.07,146.09
24.27,144.72
26,172.03
5.2,87.38
29.47,185.68
26,139.26
27.73,125.61
7.8,128.34
31.2,192.51
26,161.11
10.4,101.03
117.87,370
57.2,290.81
29.47,180.22
29.47,221.18
37.06,229.37
50.72,202.07
31.2,43.69
31.2,176.13
26,207.53
52,273.07
66.32,608.25
26,103.76
19.07,126.97
15.61,177.49
674.93,333.14
175.56,431.44
39.01,136.53
8.67,131.07
10.4,120.15
20.8,162.47
31.2,140.63
100.53,223.91
13.65,188.41
45.07,236.2
26,81.92
52.67,210.26
27.73,211.62
9.75,152.92
6.93,90.11
9.75,172.03
142.13,236.2
20.22,141.08
130,400.04
369.2,1114.11
9.75,157.01
5.2,43.69
12.13,162.47
31.2,453.29
41.6,262.14
29.26,2.73
97.53,364.54
31.2,219.82
9.75,133.8
8.67,65.53
15.61,173.4
29.47,176.13
26,136.53
433.33,1529.17
21.46,279.89
23.41,188.41
29.47,120.15
1642.46,697.68
119.6,189.78
173.61,447.83
32.93,288.08
13.87,180.22
10.4,163.84
17.56,184.32
29.47,189.78
140.4,281.26
36.4,158.38
27.73,158.38
41.6,258.05
6.93,81.92
20.8,172.03
175.56,475.13
58.52,152.92
26,65.53
22.53,135.17
136.93,256.68
29.26,5.46
13.87,152.92
35.11,170.67
247.73,397.31
5.2,240.3
175.56,518.83
10.4,131.07
36.4,109.23
43.33,237.57
54.62,133.8
146.3,266.24
76.27,233.47
10.4,65.54
19.51,141.99
15.6,172.03
105.34,595.97
52,38.23
22.53,167.93
17.56,159.74
278.95,1092.26
1.95,114.69
3.47,98.3
109.2,248.49
19.07,166.57
29.47,197.97
22.53,174.76
9.75,113.32
31.2,87.38
17.33,139.26
26,86.01
76.27,780.97
57.2,292.18
12.13,118.78
700.29,360.45
31.2,253.95
41.6,245.76
29.47,180.22
442,1425.41
31.2,147.45
19.07,126.97
22.53,107.86
146.3,266.24
17.33,147.45
33.16,187.05
146.3,266.24
15.6,87.38
146.3,266.24
5.2,152.92
21.46,147.45
26,125.61
19.51,167.93
7.8,165.2
81.47,1130.49
22.53,219.82
29.47,180.22
19.07,247.12
15.61,189.78
102.27,208.89
15.6,188.41
54.62,167.93
9.75,147.45
28.8,169.3
31.2,237.57
376.13,1403.56
5.2,49.15
9.75,159.74
234,1119.57
78.03,361.81
20.8,144.72
19.51,150.19
31.21,177.49
15.6,308.56
175.56,573.44
17.33,91.48
130,380.93
19.07,114.69
26,137.9
52,491.52
6.93,65.53
31.2,152.92
15.61,131.07
135.2,491.52
17.56,151.55
191.17,589.82
60.67,277.16
15.61,236.2
91.68,331.77
170.68,122.88
31.2,207.53
13.65,222.55
26,81.92
40.96,421.89
10.4,163.84
26,76.46
29.47,147.45
21.46,151.55
57.2,285.35
57.2,277.16
296.5,319.49
146.3,266.24
26,161.11
327.6,851.97
1.73,62.8
29.47,217.09
10.4,109.23
130,447.83
119.6,309.93
36.4,87.38
26,510.63
54.62,151.55
13.87,161.11
29.47,188.41
50.72,150.19
130,348.16
43.33,315.39
27,152.92
29.47,199.34
150.8,225.28
133.47,395.94
5.85,166.57
48.53,166.57
36.4,245.76
5.85,192.51
15.6,305.83
15.6,120.15
189.21,354.98
26,68.26
13.65,199.34
3.9,116.05
27.73,159.74
31.2,159.74
40.96,155.65
698.34,338.6
149.07,225.28
19.07,155.65
55.47,382.29
29.47,180.22
10.4,129.71
144.35,337.23
143.87,237.57
19.51,221.18
27.73,167.94
29.47,212.99
5.2,40.96
130,378.19
119.6,300.37
30.6,184.32
48.53,270.33
10.4,136.53
17.56,126.97
35.11,170.66
166.4,431.44
15.6,163.84
131.73,378.19
39.01,150.18
182,824.66
10.4,181.59
34.67,251.22
8.67,159.74
112.67,221.18
10.4,65.53
26,151.55
65.87,299.01
31.2,203.43
197.02,638.97
15.6,128.34
32.93,211.62
19.07,561.15
34.67,281.26
26,69.63
192.4,389.12
34.67,228.01
7.8,188.41
170.68,122.88
19.07,259.41
17.33,87.38
25.36,237.57
237.47,895.66
218.4,819.2
68.4,354.99
2470,475.13
234.08,308.56
17.33,196.61
26,185.68
26,69.63
126.79,318.12
21.46,174.76
130,349.52
144.35,348.16
10.4,76.46
58.52,174.76
10793.04,2970.96
275.6,950.27
247.87,1463.63
140.45,404.14
10.4,165.2
279.07,950.27
26,278.53
13.87,111.96
204.82,617.13
48.53,289.45
5.85,109.23
35.11,217.09
20.8,178.86
1578.09,456.02
29.47,155.65
1.73,65.53
10.4,136.53
109.2,999.42
31.2,225.28
3.47,120.15
32.93,309.93
142.13,233.47
45.07,266.24
19.51,172.03
247.87,671.74
115.09,367.27
27.73,143.36
26,135.17
19.51,223.91
29.47,236.2
105.73,228.01
10.4,27.31
60.47,204.8
3.47,54.61
22.53,109.23
24.27,225.28
146.3,266.24
38.13,241.66
20.8,158.38
9.75,141.99
26,81.92
13.65,125.61
31.2,141.99
38.13,244.39
13.87,140.63
13.87,87.38
19.07,163.84
9.75,150.19
1.95,81.92
674.93,327.68
3.47,105.13
130,301.74
39.87,238.93
26,294.91
19.51,169.3
9.75,150.19
31.21,155.65
124.84,124.24
128.27,311.3
5.85,81.92
54.62,184.32
76.08,131.07
26,51.88
145.6,441
3.47,90.11
733.45,1196.03
224.33,534.53
56.57,191.14
551.2,1720.32
9.75,199.34
32.93,151.55
146.3,174.76
93.63,428.03
17.56,163.84
15.61,204.8
116.13,176.13
395.99,305.15
225.33,282.62
142.13,219.82
135.2,218.45
183.36,447.83
67.6,841.04
60.47,180.22
7.8,151.55
31.2,266.24
26,154.28
130,386.39
3.47,311.3
10.4,218.45
27.73,170.67
35.11,98.3
19.07,176.13
138.67,255.32
263.34,697.68
19.07,128.34
64.13,180.22
9.75,170.66
10.4,169.3
109.2,401.41
5.85,140.63
13.65,184.32
17.33,155.65
15.6,181.59
24.27,125.61
27.73,196.61
26,204.8
32.93,271.7
33.16,147.45
208,901.12
9.75,98.3
56.57,166.57
23.41,188.41
5.85,140.63
52,281.26
12.13,81.92
220.13,595.28
117.04,126.97
123.07,300.37
347.22,409.6
27.73,196.61
15.61,143.36
8.67,103.76
6.93,174.76
9.75,101.03
34.67,162.47
15.61,174.76
10.4,126.97
118.99,421.89
29.47,163.84
26,116.05
45.07,404.14
27.31,157.01
105.34,405.5
20.8,148.82
19.51,132.44
1.73,125.61
26,57.34
35.11,147.45
21.46,184.32
175.56,638.98
17.56,208.89
58.52,139.26
29.47,170.67
44.87,509.95
10.4,128.34
26,176.13
56.57,141.99
175.56,270.33
20.8,200.7
41.6,245.76
24.27,266.24
15.6,114.69
5.85,208.89
29.26,5.46
103.39,356.35
26,524.29
135.2,241.66
12.13,125.61
183.36,365.91
3.9,98.3
10.4,122.88
81.47,218.45
31.2,236.2
5.85,116.05
32.93,350.89
37.06,167.93
36.4,128.34
36.4,81.92
9.75,167.93
198.97,273.06
26,169.3
15.6,141.99
39.87,245.76
10.4,196.61
191.17,378.2
52,415.06
7.8,10.92
183.36,364.54
46.8,252.58
31.2,193.88
31.2,222.55
31.2,173.4
251.33,1540.09
27.73,167.93
34.67,120.15
372.67,1616.55
10.4,87.38
130,361.81
13.87,166.57
1.73,62.8
10.4,188.41
216.67,529.75
53.73,259.41
31.2,172.03
19.51,125.61
10.4,92.84
41.6,292.18
29.47,293.55
494,2441.21
26,80.55
52,243.03
31.2,256.68
1.95,129.71
117.04,562.52
50.72,162.47
37.06,180.22
1.95,60.07
22.53,185.68
7.8,144.72
26,122.88
9.75,126.97
7.8,204.8
52,327.68
58.52,133.8
19.07,188.41
17.33,163.84
19.51,155.65
142.13,206.16
45.07,139.26
22.53,141.99
45.07,267.6
12.13,141.99
7.8,167.93
26,192.51
22.53,79.19
32.93,230.74
19.07,144.72
1.73,103.76
19.07,191.14
10.4,141.99
34.67,225.28
10.4,140.63
409.64,552.96
322.4,704.51
702.24,365.91
54.62,141.99
269.19,379.56
109.2,1070.42
13.87,158.38
58.52,169.3
27.31,167.94
10.4,43.69
24.27,177.49
29.47,200.7
13.65,136.53
130,281.26
32.93,210.26
1.73,102.4
26,114.69
35.11,172.03
21.46,199.34
9.75,200.7
79.73,447.83
46.8,245.76
19.07,288.08
34.67,157.01
54.62,173.4
36.4,158.38
7.8,120.15
57.2,187.05
32.93,174.76
26,61.44
27.73,236.2
26,39.59
22.53,159.74
66.32,323.58
29.26,184.32
109.2,259.41
130,342.7
189.21,342.7
89.73,348.16
170.68,122.88
56.57,196.61
34.67,208.89
58.52,303.1
25.2,207.53
26,131.07
10.4,81.92
126.79,390.48
104,202.07
200.92,389.12
56.57,294.91
26,114.69
17.33,150.19
17.33,167.93
27.73,182.95
29.47,147.45
680.78,360.45
50.27,169.3
97.53,612.35
74.13,331.77
9.75,157.01
102.27,357.72
551.2,1720.32
38.13,204.8
191.17,380.93
117.04,114.69
29.47,196.61
286.75,321.53
5.2,16.38
12.13,185.68
19.07,206.16
6.93,141.99
22.53,197.97
32.93,225.28
52,311.29
674.93,292.18
117.04,118.78
31.2,263.51
175.56,404.14
52.67,122.88
175.56,360.45
10.4,271.7
13.65,162.47
15.6,148.82
149.07,263.51
292.93,638.97
19.51,184.32
126.53,196.61
27,131.07
31.2,184.32
146.3,266.24
10.4,114.69
83.88,367.27
220.13,476.5
140.4,432.81
19.51,131.07
15.6,103.76
26,256.68
29.47,214.35
136.55,495.61
130,404.14
57.2,315.39
5.2,180.22
27.73,275.8
31.2,249.85
19.51,163.84
29.47,147.46
13.87,38.23
170.68,122.88
14.63,223.81
25.36,166.57
32.93,151.55
28.8,152.92
26,166.57
13.87,136.53
22.53,316.76
24.27,187.05
31.2,210.26
19.51,188.41
13.65,212.99
17.33,202.07
213.2,890.2
132.65,546.13
12.13,184.32
31.2,278.53
58.52,114.69
34.67,207.53
71.07,289.45
142.13,466.94
130,397.31
26,221.18
19.07,131.07
26,69.63
67.6,453.29
26,204.8
140.45,120.15
7.8,133.8
45.07,221.18
26,57.34
33.16,157.01
39.87,289.45
58.52,210.26
144.35,323.58
31.2,241.66
3.47,68.26
20.8,192.51
10482.88,2173.61
62.4,315.39
7.8,147.45
31.21,10.92
74.13,334.51
32.93,218.45
19.51,197.97
26,196.61
144.35,371.37
13.87,129.71
140.4,761.85
204.82,398.67
5.85,43.69
109.2,1092.27
140.45,121.51
39.01,79.19
19.07,122.88
10.4,163.84
5.85,146.09
107.47,219.82
20.8,158.38
10.4,90.11
27.73,360.45
21.46,333.82
234,786.43
469.73,720.89
140.45,133.8
146.3,266.24
136.93,221.18
21.46,187.05
27.73,187.05
26,174.76
74.53,87.38
36.4,266.24
32.93,182.95
36.4,278.53
9.75,135.17
12.13,65.53
41.6,173.4
8.67,79.19
68.27,345.43
26,152.92
113.14,479.23
56.57,139.26
208,830.12
26,92.84
58.52,111.96
13.65,180.22
29.47,193.88
146.3,345.43
130,349.52
76.27,442.37
26,114.69
27.73,157.01
1.73,131.07
10.4,43.69
130,348.16
10.4,38.23
7.8,147.45
10.4,32.77
26,88.74
17.56,163.84
344.93,671.74
78.03,353.62
140.45,374.1
15.61,211.63
22.53,398.68
135.2,365.91
15.6,102.4
29.47,137.9
10648.69,3069.27
189.21,442.37
103.39,334.5
78.03,349.52
5.85,133.8
10.4,169.3
10.4,90.11
32.93,264.87
58.52,125.61
38.13,524.29
146.3,157.01
15.6,289.45
20.8,169.3
15.61,217.09
46.82,210.94
15.61,200.7
104,218.45
21.46,207.53
170.68,122.88
67.6,393.22
3.47,83.28
117.04,113.32
29.26,8.19
8.67,147.45
60.47,184.32
27.73,131.07
130,397.31
52,223.91
103.39,368.64
31.2,238.93
327.6,638.97
212.62,524.29
17.33,132.44
220.13,699.05
27.73,155.65
15.61,172.03
22.53,165.2
10.4,122.88
120.94,360.45
146.3,116.05
26,76.46
130,363.18
42.91,309.25
117.04,128.34
24.27,169.3
55.47,335.87
170.68,122.88
13.87,101.03
31.2,212.99
19.07,129.71
170.68,122.88
71.07,120.15
177.51,562.52
32.93,196.61
20.8,157.01
12.13,169.3
15.6,122.88
362.27,851.97
19.07,141.99
1.73,68.26
170.68,122.88
10.4,49.15
134.6,371.37
551.2,1720.32
71.07,273.07
21.46,159.74
26,54.61
10.4,196.61
31.2,187.05
10.4,79.19
117.04,76.46
19.07,152.92
9.75,131.07
20.8,124.24
26,76.46
7.8,188.41
22.53,167.93
117.04,144.72
24.27,176.13
10.4,98.3
26,62.8
26,196.61
17.56,249.85
32.93,278.53
34.67,204.8
175.56,314.02
22.53,147.45
26,114.69
50.72,196.6
678.83,357.72
21.46,124.24
149.07,281.26
60.67,275.8
36.4,174.76
6.93,76.46
130,357.71
71.07,273.07
15.61,166.57
36.4,158.38
41.6,210.26
3.47,65.53
17.56,217.09
29.26,191.14
29.47,273.07
35.11,313.34
109.2,200.7
675.07,377.41
22.53,222.55
29.26,16.38
26,95.57
13.87,196.61
177.51,446.46
19.07,155.65
142.13,218.45
26,86.01
58.93,273.06
10.4,43.69
58.52,182.95
26,241.66
3.47,49.15
28.8,155.65
32.93,43.69
17.56,166.57
34.67,180.22
52,294.91
170.68,122.88
208,688.13
17.56,221.18
3.47,38.23
55.47,322.22
171.66,376.83
146.3,266.24
42.91,176.13
43.33,221.18
31.2,148.82
36.4,212.99
52.67,155.65
19.51,143.36
5.2,76.46
21.46,215.72
27.73,294.91
242.67,846.51
50.27,176.13
15.6,131.07
54.62,125.61
20.8,221.18
17.56,136.53
130,356.35
5.85,77.82
146.3,125.61
175.56,290.81
209.73,791.89
19.07,184.32
39.87,255.32
5.2,71
7.8,161.11
140.4,238.93
27.73,217.09
26,152.92
17.33,122.88
15.6,131.07
26,80.55
26,157.01
154.1,573.44
32.93,208.89
29.47,147.46
83.2,633.51
29.26,46.42
109.2,1081.34
3.47,54.61
170.68,122.88
26,110.59
26,103.76
95.58,385.02
1.73,92.84
5.85,141.99
179.46,288.08
26,61.44
54.62,144.72
46.8,314.02
31.2,233.47
105.34,289.45
150.8,191.14
230.53,901.12
36.4,132.44
36.4,109.22
130.69,430.08
5.85,120.15
135.2,208.89
1.73,169.3
206.27,415.06
13.87,170.67
27.31,129.71
6.93,118.78
3.9,69.63
27.73,151.55
31.2,163.84
146.3,266.24
37.06,159.74
31.2,345.43
109.24,387.75
5.2,169.3
179.46,464.21
107.29,405.5
74.13,324.95
5.2,96.94
27.73,212.99
19.51,173.4
6.93,136.53
165.81,389.12
5.2,147.46
26,72.36
157.73,192.51
36.4,196.61
26,267.6
29.26,5.46
25.2,151.55
104,1075.88
34.67,262.14
26,294.91
13.65,143.36
38.13,263.51
107.47,264.87
680.78,330.41
54.62,147.45
53.73,278.53
91.68,378.19
9.75,140.63
26,94.21
124.8,391.85
29.47,195.24
208,644.44
15.61,173.4
7.8,136.53
115.09,398.68
146.3,266.24
58.52,90.11
29.47,266.24
5.85,136.53
13.87,311.29
223.6,851.97
76.08,131.07
31.2,249.85
206.77,311.29
27.73,200.7
20.8,233.47
110.93,301.74
26,118.78
17.56,152.92
15.61,167.93
13.87,122.88
29.26,16.38
17.56,167.93
21.46,290.81
26,87.38
195.07,461.48
8.67,132.44
177.51,320.85
10.4,40.96
31.2,139.26
27.73,125.61
5.2,158.38
118.99,390.48
15.61,136.53
13.87,117.42
19.8,103.76
29.47,221.18
20.8,143.36
15.6,169.3
31.2,163.84
62.4,535.21
118.99,278.53
5.85,124.24
175.56,348.16
22.53,184.32
32.93,180.22
26,73.73
15.6,110.59
142.4,128.34
146.3,266.24
19.51,189.78
29.47,174.76
9.75,143.36
13.65,143.36
27.73,275.8
35.11,180.22
412.53,753.66
3.9,69.63
15.61,177.49
10.4,117.42
680.78,330.41
173.61,425.98
52,191.14
19.07,180.22
117.04,125.61
17.56,307.2
15.6,118.78
29.47,159.74
27.73,225.28
89.73,364.54
58.52,147.45
19.51,192.51
2473.47,341.33
20.8,187.05
169.71,391.85
22.53,146.09
13.65,165.2
134.6,494.25
29.26,24.58
15.6,185.68
134.6,353.62
5.2,71
117.04,116.05
13.87,73.73
31.2,187.05
15.6,120.15
45.07,196.61
138.67,196.61
244.4,791.89
10.4,129.71
145.6,203.43
24.27,167.93
9.75,102.4
101.43,544.77
13.65,62.8
682.73,281.26
175.56,431.44
31.2,207.53
29.47,206.16
117.04,73.73
26,176.13
149.07,255.32
31.2,188.41
26,245.76
21.46,210.26
26,66.9
130,365.91
26,54.61
84.93,529.75
78.03,131.07
58.52,380.93
26,54.61
170.68,122.88
29.26,170.67
26,55.98
117.04,110.59
10.4,387.75
5.85,140.63
26,98.3
26,81.92
13.65,191.14
15.6,158.38
27.73,140.63
36.4,387.75
23.41,1097.73
31.2,232.1
26,73.73
31.2,253.95
7.8,143.36
24.27,233.47
31.2,92.84
17.33,122.88
72.8,315.39
193.12,335.87
5.85,176.13
26,58.71
29.47,251.22
674.93,330.41
5.85,188.41
299.87,573.44
26,229.37
10.4,90.11
170.68,122.88
19.51,165.2
120.94,393.21
109.2,199.34
55.47,245.76
5.2,114.69
36.4,344.06
17.33,109.22
204.82,245.76
15.6,111.96
175.56,372.73
17.56,237.57
692.49,322.22
140.4,245.76
38.13,114.69
9.75,173.4
45.07,196.6
170.68,122.88
29.47,139.26
36.4,288.08
45.07,288.08
142.13,259.41
24.27,212.99
26,69.63
78.03,344.06
110.93,197.97
21.46,131.07
175.56,273.06
32.93,223.91
3.47,27.31
62.4,461.48
39.87,188.41
15.61,217.09
24.27,139.26
38.13,322.22
177.51,458.75
117.04,103.76
11.7,172.03
97.53,368.64
13.87,163.84
110.93,212.99
379.6,1447.25
35.11,24.57
26,27.31
103.39,357.72
686.63,327.68
10.4,111.96
117.04,128.34
32.93,221.18
26,176.13
15.6,122.88
118.99,341.33
32.93,180.22
175.56,319.49
10.4,60.07
110.93,232.1
21.46,277.16
15.6,125.61
31.2,211.62
17.33,221.18
24.27,178.86
31.2,230.74
334.53,819.2
26,83.28
10.4,76.46
5.2,46.42
23.41,181.59
17.33,229.37
52,344.06
19.51,169.3
175.56,486.06
29.47,232.1
8.67,122.88
31.21,589.82
3.9,111.96
13.87,139.26
7.8,110.59
29.26,163.84
55.47,316.76
10.4,126.97
31.2,279.89
120.94,376.83
31.2,185.68
12.13,148.82
31.2,226.64
24.27,91.48
26,73.73
9.75,147.45
26,240.3
24.27,174.76
35.11,350.21
32.93,200.7
26,79.19
10.4,5.46
175.56,318.12
3.47,147.45
672.98,390.48
15.61,140.63
29.26,8.19
21.46,234.84
31.2,169.3
218.4,1097.73
27.73,187.05
32.93,274.43
32.93,174.76
40.96,176.13
62.4,274.43
11.7,136.53
13.65,387.75
31.2,174.76
19.07,133.8
5.85,111.96
191.17,296.28
26,76.46
10.4,136.53
680.78,319.49
36.4,267.6
29.47,159.74
20.8,161.11
17.33,172.03
36.4,305.83
686.63,335.87
34.67,192.51
87.78,385.02
19.07,131.07
20.8,221.18
20.8,195.24
37.06,221.18
2473.47,273.06
115.09,421.89
54.62,124.24
43.33,238.93
200.92,475.13
22.53,76.46
10.4,98.3
263.47,1054.03
15.6,158.38
244.4,688.13
118.99,360.45
551.2,1720.32
15.61,184.32
45.07,249.85
7.8,21.84
5.85,150.19
56.57,147.46
46.8,299.01
36.4,174.76
5.2,40.96
13.87,147.45
32.93,311.29
13.87,98.3
5.85,86.01
208,617.13
10.4,114.69
32.93,247.12
12.13,81.92
33.16,192.51
99.48,308.56
58.52,188.41
26,73.73
26,66.9
31.2,226.64
31.2,143.36
9.75,21.84
19.51,173.4
17.56,5.46
31.2,174.76
39.87,322.22
22.53,155.65
17.56,176.13
68.27,350.89
36.4,147.46
29.26,147.46
36.4,81.92
36.4,540.67
2083.73,517.85
36.4,196.61
62.4,322.22
26,202.07
26,147.45
24.27,278.53
19.8,118.78
55.47,245.76
27.73,136.53
32.93,270.33
32.93,165.2
12.13,109.23
189.21,282.62
177.51,289.45
103.39,419.16
221.87,731.82
34.67,161.11
24.27,65.53
62.4,263.51
36.4,81.92
17.56,184.32
15.61,177.49
159.95,399.36
26,49.15
53.73,301.74
15.61,180.22
5.2,212.99
27.31,172.03
27.31,126.97
9.75,163.84
31.2,176.13
11.7,83.28
83.88,331.77
29.47,292.18
3.47,81.92
161.2,260.78
136.55,479.23
26,71
88.4,136.53
66.32,243.03
29.26,16.38
78,393.21
136.93,393.21
175.56,546.13
29.47,535.21
284.27,983.04
208,835.58
15.6,79.19
17.56,184.32
5.85,184.32
258.27,1490.94
5.2,147.45
187.26,546.13
34.67,177.49
29.47,221.18
17.56,217.09
31.2,172.03
31.21,165.2
124.84,314.02
15.6,133.8
776.37,362.49
21.46,167.94
19.07,151.55
13.65,131.07
270.4,753.66
3.9,94.21
17.56,204.8
123.07,327.68
19.07,118.78
347.22,405.5
5.85,163.84
3.9,49.15
26,69.63
24.27,167.93
218.4,841.04
26,155.65
170.68,122.88
138.5,432.81
32.93,267.6
26,124.24
27.73,222.55
29.47,262.14
3.9,122.88
22.53,133.8
175.56,421.3
10.4,32.77
12.13,146.09
31.2,161.11
218.4,1059.5
31.2,275.8
26,155.65
244.4,720.89
19.51,147.45
24.27,182.95
22.53,371.37
54.62,144.72
32.93,245.76
6.27,166.76
78.03,131.07
53.73,277.16
680.78,292.18
20.8,208.89
26,91.48
5.2,80.55
31.21,162.47
9.75,135.17
12.13,162.47
60.47,185.68
8.67,91.48
64.13,253.95
26,121.51
13.87,155.65
3.9,101.03
31.2,154.28
17.33,110.59
146.3,266.24
131.73,479.23
202.87,363.18
24.27,163.84
60.47,207.53
218.4,759.12
13.65,173.4
21.46,174.76
31.21,206.16
7.8,77.82
26,157.01
26,152.92
35.11,144.72
146.3,266.24
62.4,333.14
9.75,131.07
64.37,368.64
3.47,73.73
181.41,258.05
11.7,60.07
71.07,376.83
146.3,120.15
251.33,830.12
26,76.46
17.56,200.7
198.97,288.08
29.47,266.24
20.8,157.01
6.93,172.03
487.67,518.83
39.87,260.78
31.2,323.58
12.13,367.27
140.4,193.88
26,167.93
64.37,202.07
58.52,150.19
175.56,335.87
31.2,166.57
26,136.53
19.51,177.49
46.82,178.86
152.53,279.89
109.2,1179.65
17.33,143.36
10.4,212.99
10.4,32.77
26,158.38
170.68,122.88
72.17,262.14
45.07,315.39
26,105.13
13.87,116.05
5.2,38.23
68.27,390.48
31.2,274.43
26,111.96
7.8,148.82
29.26,21.85
372.67,802.81
131.73,167.93
187.26,344.06
15.6,131.07
17.56,157.01
22.53,140.63
8.67,72.36
29.47,120.15
31.2,229.37
83.88,386.39
103.39,344.06
198.97,314.03
9946.45,5286.57
27.73,147.46
43.33,256.68
60.67,253.95
185.31,442.37
26,76.46
34.67,309.93
53.73,278.53
72.17,344.06
81.47,376.83
104,339.97
31.2,249.85
15.61,192.51
64.37,428.71
27.73,172.03
25.36,176.13
58.52,155.65
93.63,353.62
31.21,151.55
680.78,262.14
556.4,1157.8
17.56,158.38
31.2,225.28
133.47,262.14
182,606.21
53.73,204.8
19.51,173.4
253.59,350.89
29.47,159.74
263.47,677.2
31.2,237.57
680.78,311.29
36.4,185.68
26,77.82
15.6,189.78
3.47,65.54
202.87,454.65
35.11,177.49
56.57,124.24
31.2,204.8
107.29,354.98
11.7,151.55
24.27,152.92
13.87,150.19
26,234.84
13.87,136.53
26,109.85
112.67,234.83
26,62.8
60.47,229.37
31.21,57.34
117.04,143.36
31.2,135.17
34.67,165.2
317.96,345.43
72.8,303.1
31.2,210.26
27.73,172.03
66.32,425.98
31.21,122.88
204.82,329.04
15.61,172.03
12.13,79.19
31.2,270.33
20.8,114.69
58.52,98.3
232.13,385.02
15.6,136.53
15.6,218.45
19.07,117.42
146.3,266.24
251.64,405.5
15.61,191.14
26,80.55
78.03,349.52
26,131.07
10.4,49.15
15.6,151.55
60.67,241.66
234.08,402.77
26,207.53
32.93,237.57
19.07,200.7
268.67,813.74
35.11,65.54
31.2,154.28
43.33,281.26
5.85,114.69
9.75,135.17
29.26,65.54
10.4,147.45
6.93,71
64.37,770.05
19.51,187.05
55.47,264.87
126.79,488.79
10.4,174.76
20.8,148.82
91.68,322.22
31.2,263.51
154.27,371.37
225.33,638.98
13.87,333.14
202.87,540.67
29.26,276.48
26,68.26
31.2,192.51
58.52,163.84
13.87,132.44
29.26,19.11
31.2,192.51
56.57,188.41
26,245.76
124.84,361.81
27.73,259.41
29.47,173.4
36.4,202.07
29.47,211.62
20.8,147.45
170.68,122.88
116.13,326.31
19.8,150.19
3.47,117.42
175.56,540.67
20.8,188.41
5.85,110.59
12.13,87.38
26,84.65
5.85,126.97
10.4,174.76
32.93,196.61
10.4,122.88
9.75,155.65
10.4,136.53
10.4,65.53
19.07,204.8
12.13,125.61
41.6,158.38
20.8,131.07
113.14,542.04
146.3,266.24
22.53,268.97
31.2,217.09
3.47,114.69
17.33,162.47
17.56,152.92
27.73,92.84
17.33,188.41
28.8,135.17
195.87,551.59
31.2,120.15
5.85,107.86
26,202.07
3.47,214.36
26,54.61
124.84,151.55
674.93,425.98
22.53,162.47
1.95,442.37
64.13,491.52
27.73,144.72
29.26,8.19
7.8,116.05
78.03,174.76
26,143.36
10.4,144.72
31.2,333.14
45.07,253.95
13.87,126.97
29.47,146.09
55.47,301.74
349.17,417.79
32.93,240.3
20.8,98.3
243.83,334.51
31.2,278.53
17.56,131.07
13.87,155.65
19.07,204.8
15.6,188.41
34.67,147.45
24.27,60.07
24.27,147.45
26,204.8
17.56,188.41
83.2,308.56
5.2,65.53
183.36,278.53
26,69.63
5.2,144.72
175.56,292.18
52,185.68
31.2,203.43
45.07,270.33
83.88,383.66
680.78,344.06
41.6,249.85
29.47,212.99
36.4,81.92
29.47,208.89
39.87,169.3
10.4,114.69
19.51,202.07
9.75,157.01
109.2,251.22
45.07,251.22
1.73,38.23
130,380.93
26,68.26
29.47,264.87
6.93,273.07
6.93,114.69
5.85,10.92
5.85,87.38
5.2,81.92
22.53,151.55
31.2,139.26
122.89,327.68
147.33,405.5
136.55,540.67
48.53,189.78
9.75,132.44
105.73,1070.42
56.57,187.05
17.33,176.12
17.33,300.37
26,79.19
242.67,409.6
19.07,166.57
3.47,96.94
29.26,98.3
204.82,552.96
105.34,442.37
26,68.26
113.14,420.52
25.36,192.51
58.52,229.37
138.67,223.91
17.56,148.82
31.2,241.66
674.93,371.37
27.73,180.22
29.26,170.67
312,1152.34
17.33,158.38
62.4,262.14
90.13,376.83
52,349.52
24.27,157.01
26,159.74
27.73,152.92
243.83,403.45
46.8,288.08
12.13,305.83
6.93,114.69
10.4,54.61
84.93,584.36
5.85,196.61
20.8,299.01
11.7,125.61
17.36,125.8
426.4,628.05
40.96,24.57
220.13,557.05
95.58,314.03
107.47,1163.26
26,87.38
197.02,491.52
53.73,252.58
26,71
19.07,135.17
185.47,195.24
144.35,320.85
143.87,252.58
214.93,633.51
3.47,10.92
678.83,406.87
15.6,136.53
686.63,319.49
38.13,187.05
68.27,598.01
107.29,385.02
159.47,273.07
112.67,172.03
17.33,98.3
179.46,535.21
179.46,622.59
1.73,102.4
91.68,382.29
13.87,174.76
26,251.22
15.6,40.96
138.67,203.43
31.21,188.41
29.47,167.93
36.4,81.92
130,331.78
21.46,372.73
17.56,229.37
170.68,122.88
10.4,103.76
17.33,139.26
17.56,277.16
58.52,150.19
58.52,158.38
5.85,135.17
179.46,296.28
5.2,81.92
50.72,155.65
26,180.22
60.67,125.61
9.75,207.53
17.33,128.34
24.27,172.03
26,148.82
117.04,117.42
58.93,345.43
15.6,177.49
53.73,409.6
19.51,170.66
260,737.28
175.56,263.51
130,304.47
7.8,154.28
173.61,409.6
41.6,230.74
146.3,207.53
19.07,177.49
187.26,540.67
110.93,300.37
19.07,86.01
3.47,118.78
22.53,236.2
26,53.25
26,166.57
109.2,229.37
19.51,167.93
24.27,167.93
39.87,266.24
20.8,178.86
36.4,207.53
31.2,290.81
5.85,151.55
27.73,135.17
46.8,182.95
27.73,211.62
126.79,520.19
22.53,81.92
19.07,218.45
144.35,148.82
31.2,218.45
29.26,30.04
31.2,162.47
117.87,211.62
39.01,54.61
424.67,846.5
13.87,177.49
7.8,166.57
43.33,338.6
12.13,360.45
26,177.49
10.4,120.15
7.8,176.13
12.13,226.64
383.07,1299.8
29.47,170.67
2470,622.59
29.47,197.97
22.53,147.45
682.73,319.49
7.8,102.4
28.8,157.01
17.56,233.47
5.85,71
29.47,274.43
36.4,185.68
29.26,131.07
29.47,181.59
24.27,184.32
15.6,131.07
13.87,21.84
5.85,79.19
13.65,125.61
170.68,122.88
17.33,139.26
3.9,116.05
10.4,71
35.11,155.65
5.85,169.3
99.48,427.35
26,71
15.61,180.22
682.73,333.14
457.71,614.4
34.67,173.4
130,419.16
33.16,208.89
117.04,113.32
60.47,315.39
32.93,166.57
146.3,266.24
12.13,133.8
19.07,173.4
30.6,167.94
22.53,155.65
19.51,181.59
175.56,453.29
10.4,163.84
109.2,192.51
26,188.41
19.07,151.55
27.73,221.18
45.07,255.31
26,316.76
9.75,110.59
140.4,315.39
27.73,225.28
7.8,152.92
46.82,243.71
56.57,133.8
1.95,76.46
23.41,147.45
56.57,155.65
107.47,699.05
20.8,253.95
58.93,290.81
117.04,163.84
56.57,155.65
29.26,8.19
170.68,122.88
130,349.52
22.53,311.29
10.4,98.3
19.07,188.41
78.03,383.66
241.88,413.69
19.07,122.88
109.2,1130.49
29.47,169.3
163.86,327.68
31.2,292.18
15.6,121.51
142.4,393.21
97.53,413.69
78.03,297.64
7.8,122.88
19.07,152.92
109.2,955.73
20.8,147.45
11.7,163.84
230.53,720.89
242.67,520.19
680.78,330.41
20.8,158.38
13.65,158.38
130,375.46
117.04,151.55
27.73,124.24
55.47,360.45
20.8,249.85
12.13,131.07
26,273.07
26,61.44
58.52,87.38
26,125.61
2442.27,1155.07
5.85,136.53
31.2,147.46
26,137.9
5.85,225.28
29.47,225.28
170.68,122.88
31.2,244.39
86.67,742.74
27.73,208.89
26,163.84
234,884.73
58.52,169.3
36.4,245.76
27.73,202.07
1917.5,524.29
19.07,300.37
122.89,159.74
29.47,211.62
130,382.29
32.93,172.03
146.3,266.24
10.4,98.3
43.33,236.2
29.47,217.09
700.29,368.64
55.47,292.18
15.61,174.76
17.56,173.4
26,188.41
26,86.01
37.06,146.09
10.4,111.96
347.22,465.58
26,143.36
19.07,177.49
130,348.16
26,305.83
24.27,98.3
27.73,193.88
5.85,118.78
13.87,162.47
27.73,184.32
29.26,170.67
58.52,196.61
93.63,331.77
6.27,133.12
3.9,92.84
39.87,264.87
31.2,270.33
130,398.67
33.16,38.23
99.48,346.79
8.67,169.3
29.47,195.24
221.87,879.27
64.13,264.87
57.2,177.49
29.26,172.03
31.2,193.87
1.95,141.99
10.4,79.19
48.53,253.95
10.4,16.38
3.9,81.92
56.57,200.7
31.21,195.24
26,54.61
26,110.59
132.65,376.83
21.46,161.11
9.75,84.65
26,180.22
113.14,505.17
46.82,534.53
26,81.92
12.13,117.42
5.85,286.72
29.47,299.01
26,207.53
31.2,188.41
78.03,304.47
24.27,151.55
26,240.3
43.33,319.49
26,159.74
26,210.26
3.9,172.03
6.93,202.07
12.13,121.51
25.36,132.44
36.4,174.76
15.6,131.07
130,368.64
31.2,155.65
9.75,102.4
26,58.71
27.73,189.78
26,196.61
26,71
31.2,174.76
130,408.23
17.56,212.99
29.47,139.26
267.24,405.5
115.09,370
136.93,262.14
147.33,228.01
19.07,256.68
5.85,187.05
65.87,304.47
17.33,140.63
85.83,330.41
227.07,1556.48
19.07,158.38
32.93,267.6
75.11,266.24
5.85,96.94
33.16,185.68
381.33,600.75
170.68,122.88
19.07,128.34
210.67,294.91
19.07,189.78
27.73,158.38
87.78,370
26,54.61
10.4,155.65
26,176.13
17.56,188.41
62.42,282.62
15.61,192.51
5.2,43.69
146.3,266.24
5.85,208.89
31.2,225.28
5.85,180.22
146.3,266.24
22.53,193.87
17.33,178.86
27.73,271.7
58.52,185.68
6.93,43.69
191.17,496.98
31.2,192.51
19.51,167.93
36.4,300.37
161.2,263.51
26,184.32
10.4,32.77
5.2,40.96
24.27,131.07
686.63,387.75
67.6,442.37
26,121.51
15.6,87.38
21.46,155.65
50.72,166.57
163.86,361.81
58.52,158.38
15.6,81.92
185.31,349.52
6.93,95.57
7.8,132.44
170.68,122.88
15.6,131.07
232.27,753.66
10.4,32.77
48.53,135.17
13.87,245.76
146.3,266.24
6.93,65.53
31.2,249.85
21.46,180.22
17.33,146.09
55.47,191.15
31.2,255.31
1.73,166.57
3.47,141.99
54.62,180.22
150.2,416.42
135.2,244.39
189.21,524.29
24.27,182.95
20.8,192.51
26,109.23
31.2,133.8
31.2,252.58
135.2,258.05
3.47,16.38
95.58,685.39
31.2,237.56
23.41,141.99
130,359.08
26,81.92
26,57.34
27.73,125.61
34.67,195.24
56.57,211.62
26,80.55
26,86.01
26,87.38
26,83.28
29.47,137.9
36.4,229.37
17.56,176.13
26,147.46
3.47,109.23
56.57,181.59
57.2,196.61
9.75,170.67
15.61,167.93
17.33,146.09
171.6,409.6
146.3,159.74
117.04,96.94
208,638.98
29.47,214.35
57.2,266.24
27.73,215.72
263.34,520.19
5.85,128.34
22.53,173.4
31.21,229.37
181.41,356.35
130,360.45
26,177.49
15.61,151.55
32.93,215.72
35.11,228.01
27.73,233.47
698.34,479.23
31.2,188.41
43.33,252.58
15.6,146.09
146.3,230.74
54.62,155.65
56.57,90.11
26,84.65
29.26,172.03
55.47,262.14
10.4,141.99
31.2,87.38
130,331.78
318.93,720.89
57.2,232.1
45.07,180.22
10.4,16.38
67.6,507.9
316.01,540.67
32.93,182.95
15.61,195.24
138.67,225.28
246.13,1594.71
29.47,232.1
36.4,114.69
6.93,103.76
10.4,114.69
31.2,217.09
31.2,236.2
29.47,244.39
24.27,184.32
19.51,162.47
56.57,155.65
289.47,2189.99
10.4,131.07
17.56,270.33
17.33,143.36
688.59,390.48
15.6,322.22
17.33,176.13
29.26,65.54
32.93,244.39
37.06,319.49
191.17,319.49
56.57,192.51
13.87,101.03
17.33,129.71
34.67,273.07
9.75,162.47
56.57,176.13
45.07,238.93
674.93,308.56
176.8,361.81
58.52,134.58
150.8,234.84
32.93,258.05
117.04,102.4
146.3,266.24
24.27,45.05
35.11,167.93
26,136.53
32.93,230.74
26,66.9
684.68,324.95
54.62,193.88
241.88,939.35
17.33,110.59
130,360.45
24.27,27.31
130.69,421.89
131.73,378.19
124.84,308.56
26,77.82
19.51,173.4
31.2,303.1
19.29,177
52.67,204.8
31.2,215.72
133.47,266.24
9.75,159.74
29.26,8.19
26,241.66
105.34,427.35
56.57,158.38
116.13,233.47
181.41,458.75
43.33,263.51
29.47,176.13
31.2,300.37
26,166.57
27.73,192.51
15.61,182.95
64.37,223.91
8.67,163.84
52,655.36
136.93,285.35
13.87,129.71
15.6,187.05
97.53,326.31
17.33,161.11
38.13,263.51
54.62,151.55
22.53,185.68
32.93,200.7
56.57,159.74
53.73,289.45
21.46,180.22
36.4,230.74
20.8,107.86
9.75,118.78
3.9,79.19
17.56,196.61
212.62,460.12
10.4,84.65
43.33,260.78
68.27,830.12
31.2,249.85
17.56,223.91
52,409.6
140.4,333.14
36.4,308.56
72.8,327.68
15.6,136.53
81.93,406.87
112.67,922.96
5.85,180.22
126.79,339.97
31.2,148.82
9.75,88.74
175.56,307.2
32.93,241.66
62.42,199.34
26,83.28
36.4,234.84
33.16,181.59
25.36,232.1
6.93,62.8
19.07,154.28
27.31,122.88
27.73,210.26
26,53.25
680.78,319.49
54.62,195.24
5.85,135.17
197.02,693.59
48.53,147.45
24.27,65.53
55.47,404.14
31.2,131.07
109.2,180.22
58.52,202.07
54.62,133.8
31.2,200.7
26,64.17
26,81.92
22.53,163.84
187.26,290.81
1.95,102.4
32.93,275.8
35.11,170.67
15.61,181.59
201.07,491.52
175.56,409.6
26,53.25
26,81.92
31.2,152.92
32.93,255.32
58.52,204.8
26,212.99
29.47,248.49
5.85,71
11.7,122.88
56.57,192.51
118.99,405.5
31.2,282.62
26,71
36.4,297.64
26,65.53
26,180.22
15.61,195.24
26,212.99
17.56,152.92
17.33,147.45
38.13,262.14
78.03,331.77
54.62,169.3
26,174.76
17.56,193.88
93.63,345.43
26,152.92
208,720.89
130,338.6
191.17,638.97
107.47,273.07
10.4,87.38
133.47,316.76
5.85,196.61
19.51,169.3
5.2,27.31
365.73,797.35
56.57,170.67
5.85,84.65
104,192.51
15.61,595.28
9.75,135.17
112.67,241.66
3.9,77.82
6.93,393.21
13.87,305.83
152.15,409.6
9.75,173.4
183.36,345.43
11.7,124.24
32.93,234.83
21.46,167.93
46.8,338.6
239.93,361.81
120.94,442.37
31.2,143.36
135.2,188.41
43.33,76.46
29.47,196.61
60.47,203.43
46.8,189.78
22.53,318.12
13.65,165.2
211.47,759.12
26,45.05
26,217.09
52,260.78
19.07,187.05
143.87,247.12
45.07,288.08
29.47,281.26
17.56,225.28
93.63,19.11
19.07,157.01
8906.74,1201.49
191.17,354.98
35.11,157.01
175.56,260.78
122.89,109.23
706.14,404.14
175.56,447.83
38.13,518.82
32.93,247.12
32.93,199.34
113.14,385.02
78.03,393.22
179.46,372.73
11.7,192.51
39.87,271.7
57.2,217.09
22.53,376.83
83.88,390.48
8.67,207.53
31.2,262.14
222.38,423.25
10716.96,3331.41
124.8,446.46
17.56,218.45
36.4,32.77
187.26,535.21
15.6,196.61
36.4,207.53
13.87,122.88
43.33,152.92
31.2,247.12
40.96,464.21
58.52,122.88
53.73,170.66
28.8,184.32
442,862.89
140.45,350.89
175.56,428.03
90.13,271.7
15.61,132.44
175.56,278.53
27,151.55
85.83,137.9
3.47,98.3
11.7,166.57
12.13,196.61
95.58,431.44
17.33,193.88
9.75,204.8
9.75,178.86
183.36,356.35
26,114.69
32.93,172.03
26,61.44
26,172.03
111.19,335.87
177.51,346.79
140.45,405.5
17.33,147.45
5.85,92.84
20.8,161.11
41.6,281.26
9.75,139.26
36.4,187.05
170.68,122.88
3.47,101.03
171.6,780.97
147.33,222.55
10.4,139.26
17.33,109.23
22.53,196.61
26,218.45
195.87,350.89
29.47,174.76
79.98,364.54
41.6,245.76
13.65,169.3
107.47,983.04
26,84.65
15.6,226.64
5.85,152.92
146.3,266.24
26,71
684.68,262.14
76.27,464.21
175.56,326.31
31.2,245.76
3.9,166.57
32.93,146.09
684.68,349.52
27.73,144.72
31.2,208.89
74.13,376.83
124.8,413.69
10.4,98.3
26,68.26
10.4,147.45
10.4,234.84
110.93,933.89
5.85,165.2
26,60.07
33.16,144.72
10.4,114.69
27.73,226.64
35.11,272.38
210.67,496.98
38.13,252.58
197.02,507.9
19.07,140.63
175.56,524.29
132.65,389.12
185.31,348.16
3.47,71
109.2,1021.27
31.2,223.91
55.47,333.14
26,158.38
149.07,217.09
26,81.92
26,101.03
13.87,110.59
31.2,282.62
142.13,237.57
13.87,133.8
10.4,141.99
27.31,176.13
58.52,152.92
25.36,180.22
24.27,199.34
130,335.87
56.57,155.65
29.47,294.91
71.07,655.36
27.73,184.32
29.47,207.53
10.4,212.99
64.13,43.69
22.53,132.44
35.11,356.35
516.53,2020.69
31.2,184.32
29.47,173.4
26,73.73
13.65,131.07
140.4,356.35
383.07,890.2
10.4,128.34
9.75,128.34
32.93,245.76
72.8,475.14
26,159.74
17.56,172.03
26,66.9
116.13,354.99
31.2,177.49
20.8,169.3
317.96,334.5
10.4,103.76
44.87,103.76
158,435.54
13.65,144.72
54.62,95.57
15.61,155.65
42.91,139.26
83.88,303.1
221.87,737.28
6.93,32.77
117.04,87.38
34.67,218.45
173.61,606.21
13.65,152.92
3.9,73.73
31.2,268.97
9.75,154.28
78,360.45
15.6,401.41
26,76.46
19.07,195.24
38.13,192.51
168.13,622.59
58.93,671.74
10.4,169.3
26,165.2
15.6,152.92
43.33,233.47
150.2,102.4
26,182.95
19.07,140.63
310.27,610.3
146.3,266.24
45.07,148.82
26,253.95
146.3,266.24
107.29,374.1
31.2,251.22
31.2,233.47
15.61,176.13
32.93,233.47
202.87,251.22
182,245.76
99.48,359.08
220.13,1835.01
46.8,121.51
10.4,49.15
11.7,163.84
17.56,185.68
26,50.51
22.53,221.18
29.26,40.96
31.2,229.37
6.93,136.53
15.61,167.93
175.56,465.58
24.27,147.45
10.4,79.19
1.95,57.34
31.2,152.92
140.4,234.83
79.98,346.79
36.4,141.99
85.83,202.07
31.2,256.68
68.27,316.76
175.56,267.7
41.6,223.91
52,398.68
185.31,346.79
78.03,398.67
5.2,79.19
386.53,1458.17
12.13,144.72
122.89,113.32
29.47,197.97
5.2,10.92
26,193.88
240.93,868.35
53.73,293.54
26,196.61
26,147.45
41.6,232.1
24.27,191.14
146.3,266.24
81.47,677.2
109.2,851.97
226.28,491.52
275.6,830.12
29.47,263.51
10.4,54.61
21.46,184.32
87.78,329.04
17.56,218.45
58.52,180.22
117.04,110.59
20.8,163.84
3.47,27.31
19.07,147.46
29.47,178.86
146.3,266.24
5.2,76.46
20.8,155.65
6.93,111.96
12.13,109.22
29.47,206.16
31.2,266.24
130,376.83
29.47,159.74
111.19,389.12
46.8,240.3
28.8,132.44
442,518.83
13.87,307.2
31.2,189.78
146.3,225.28
5.85,110.59
33.16,16.38
140.45,492.88
322.4,548.86
146.3,344.06
1.95,65.53
31.2,266.24
68.27,339.97
27.73,245.76
15.61,206.16
52,344.06
29.47,195.24
674.93,346.79
22.53,140.63
22.53,212.99
22.53,140.63
5.2,43.69
19.07,178.86
19.07,139.26
7.8,229.37
26,188.41
17.33,176.13
10.4,16.38
20.8,215.72
27.73,173.4
10.4,98.3
15.61,161.11
27.73,192.51
22.53,193.87
65.87,253.95
6.93,212.99
325.87,742.74
26,320.85
31.2,162.47
26,69.63
15.61,208.89
147.33,307.2
78.03,367.27
146.3,423.25
31.2,185.68
62.4,323.58
45.07,241.66
22.53,243.03
110.93,237.57
52,382.29
241.88,587.77
171.66,539.3
3.47,81.92
26,387.75
19.07,221.18
13.65,162.47
62.4,715.43
162.93,507.9
15.6,170.66
26,212.99
22.53,126.97
31.2,240.3
15.61,135.17
13.65,192.51
9.75,121.51
24.27,177.49
22.53,178.86
10.4,118.78
9.75,180.22
138.5,152.92
31.21,5.46
144.35,397.31
10.4,98.3
5.85,94.21
25.2,118.78
315.47,813.74
19.51,167.93
13.65,139.26
185.31,393.21
134.6,371.37
32.93,318.12
10.4,163.84
32.93,204.8
36.4,170.67
43.33,262.14
109.2,241.66
26,219.82
29.47,229.37
157.73,262.14
26,66.9
84.93,365.91
130,357.71
116.13,372.73
204.82,282.62
117.04,124.24
32.93,277.16
130,324.95
152.53,286.72
36.4,223.91
35.11,233.47
105.73,933.89
29.47,214.35
17.56,129.71
36.4,180.22
29.47,207.53
12.13,327.68
117.87,335.87
26,79.19
15.61,188.41
13.65,180.22
19.07,135.17
50.72,182.95
29.47,215.72
5.2,120.15
12.13,98.3
17.33,146.09
17.56,135.17
17.33,163.84
8.67,125.61
31.2,277.16
17.56,180.22
5.2,65.53
7.8,176.13
38.13,262.14
15.6,270.33
331.07,2244.61
31.2,222.55
182,507.9
239.93,308.56
10.4,131.07
27,177.49
187.26,486.06
64.13,376.83
235.73,649.9
15.6,125.61
3.9,111.96
5.2,152.92
117.87,349.52
10.4,365.91
64.79,171.15
15.61,75.09
5.85,181.59
193.12,277.16
175.56,278.53
26,202.07
27.73,270.33
13.65,110.59
6.93,147.45
19.07,137.9
1.73,132.44
25.36,155.65
19.07,173.4
56.57,147.46
32.93,249.85
22.53,383.66
27.73,210.26
29.47,180.22
56.57,152.92
36.4,335.87
175.56,402.77
20.8,98.3
26,131.07
13.65,143.36
296.4,688.13
21.21,128.73
36.4,207.53
58.93,323.58
15.6,185.68
130,398.68
12.13,125.61
13.65,184.32
286,567.98
31.2,170.67
19.07,176.13
31.2,215.72
232.27,709.97
33.16,114.69
138.67,262.14
36.4,311.29
159.47,262.14
5.85,182.95
19.07,109.23
29.26,173.4
48.53,155.65
36.4,131.07
31.2,278.53
37.06,38.23
62.4,644.44
29.26,10.92
5.2,62.8
32.93,248.49
596.9,408.23
21.46,173.4
13.87,133.8
200.92,638.97
20.8,202.07
68.27,400.04
97.53,378.19
204.82,337.23
83.88,349.52
20.8,144.72
146.3,266.24
175.56,442.37
214.93,726.36
19.51,157.01
13.87,187.05
208,868.35
9.75,102.4
27.73,103.76
138.67,206.16
143.87,278.53
109.2,212.99
31.2,196.61
22.53,288.08
117.04,83.28
6.93,147.45
173.61,671.74
15.6,155.65
7.8,116.05
10.4,98.3
5.2,73.73
10.4,16.38
13.87,180.22
31.2,163.84
26,141.99
27.73,146.09
206.77,655.36
204.82,294.91
224.33,331.77
66.32,329.04
20.8,163.84
22.53,158.38
136.55,543.4
161.2,289.45
3.47,174.76
26,155.65
282.53,1054.04
17.33,169.3
146.3,174.76
31.2,240.3
68.27,354.98
245.78,393.21
15.6,124.24
136.93,408.23
220.13,709.97
120.94,372.73
170.68,122.88
27.73,258.05
26,69.63
68.27,218.45
22.53,173.4
46.8,204.8
253.59,557.05
208,573.44
1.73,122.88
143.87,267.6
117.04,88.74
22.53,126.97
79.98,338.6
24.27,178.86
36.4,219.82
36.4,192.51
26,64.17
4012.8,1641.32
15.6,354.99
54.62,333.82
32.93,225.28
29.47,398.68
36.4,76.46
24.27,255.32
46.8,277.16
24.27,132.44
48.53,266.24
5.85,139.26
9.75,166.57
17.33,217.09
177.51,311.29
17.33,121.51
25.2,121.51
24.27,196.61
31.2,147.46
15.61,223.91
29.47,229.37
10.4,251.22
26,84.65
31.2,185.68
60.47,354.98
54.62,214.35
11.7,114.69
130,360.45
110.93,405.5
10.4,43.69
22.53,135.17
26,169.3
140.45,393.21
168.13,247.12
124.84,360.45
3.47,57.34
147.33,428.71
145.6,225.28
118.99,436.9
25.36,188.41
242.67,868.35
258.27,846.51
17.56,163.84
22.53,147.45
10.4,65.54
10.4,131.07
183.36,363.18
26,92.84
24.27,208.89
5.2,191.14
24.27,233.47
22.53,103.76
27.73,132.44
672.98,338.6
54.62,167.93
551.2,1720.32
188.93,720.89
7.8,132.44
3.9,118.78
53.73,327.68
27.73,202.07
54.62,346.11
53.73,910.68
46.8,282.62
170.68,122.88
19.07,294.91
15.61,208.89
41.6,303.1
6.93,21.85
29.47,285.35
32.93,292.18
26,141.99
678.83,385.02
26,114.69
26,62.8
5.85,121.51
48.77,294.91
15.61,189.78
27.31,163.84
698.34,335.87
52,204.8
130,316.76
58.52,166.57
17.56,49.15
53.73,344.06
10.4,65.54
130,315.39
663.23,344.06
19.07,177.49
20.8,370
17.56,140.63
26,98.3
26,225.28
170.68,122.88
32.93,131.07
15.6,136.53
10.4,21.84
29.47,157.01
17.33,203.43
31.2,214.36
58.52,354.99
26,172.03
126.79,506.54
3.9,72.36
10.4,49.15
26,147.45
45.07,251.22
32.93,212.99
9.75,169.3
79.73,278.53
17.56,163.84
3.47,163.84
26,163.84
671.03,245.76
22.53,173.4
138.5,644.44
19.8,151.55
179.46,540.67
48.53,230.74
78.03,382.29
138.5,330.41
15.6,111.96
9.75,165.2
10.4,60.07
29.47,268.97
136.93,421.89
21.46,204.8
24.27,98.3
227.07,704.51
185.31,546.13
23.41,196.6
175.56,293.55
36.4,305.83
674.93,262.14
31.21,166.57
113.14,450.56
35.11,200.7
25.2,191.14
13.87,155.65
27.31,161.11
181.41,299.01
416,1157.8
42.91,256
22.53,151.55
5.85,118.78
19.07,161.11
6.93,294.91
60.67,256.68
5.85,151.55
10.4,98.3
26,71
58.52,344.06
55.47,202.07
175.56,322.22
25.36,181.59
58.52,147.45
1.95,57.34
10.4,60.07
60.67,241.66
32.93,131.07
43.33,274.43
678.83,344.06
29.47,234.83
8.67,98.3
129.58,389.12
249.69,389.12
170.68,122.88
27.73,176.13
50.27,21.84
226.28,284.67
146.3,266.24
32.93,221.18
5.85,172.03
115.09,364.54
117.04,151.55
118.99,364.54
3.9,111.96
34.67,233.47
27.73,144.72
26,174.76
269.19,562.52
8.67,65.53
19.07,162.47
29.47,84.65
43.33,278.53
140.4,357.72
17.33,125.61
3.47,86.01
36.4,180.22
9.75,158.38
216.67,770.05
130,331.77
43.33,243.03
7.8,157.01
84.93,524.29
117.04,118.78
26,152.92
109.2,249.85
17.56,172.03
24.27,132.44
31.2,151.55
154.1,374.1
481.87,1212.41
175.56,303.1
305.07,824.66
12.13,161.11
31.2,101.03
15.61,289.45
32.93,244.39
200.92,406.87
146.3,266.24
26,62.8
11.7,151.55
39.87,262.14
29.47,307.2
58.52,286.72
117.04,120.15
122.89,344.06
140.4,253.95
29.26,65.53
12.13,98.3
21.46,180.22
32.93,327.68
29.47,167.93
19.07,94.21
29.47,211.62
10.4,68.26
74.53,496.98
170.68,122.88
38.13,229.37
312.11,678.57
34.67,195.24
20.8,285.35
57.2,320.85
32.93,193.87
9.75,157.01
10.4,152.92
123.31,118.49
131.73,184.32
117.04,114.69
1.95,92.84
26,189.78
109.2,191.14
185.31,775.51
5.2,65.54
202.8,682.66
19.07,139.26
26,163.84
26,114.69
15.6,110.59
5.85,161.11
313.73,510.63
29.47,234.83
6.93,87.38
70.22,327.68
350.13,868.35
124.84,290.81
15.6,166.57
13.87,161.11
10.4,212.99
45.07,270.33
26,77.82
117.04,137.9
26,170.67
117.87,322.22
19.51,158.38
5.85,139.26
33.16,136.53
5.2,84.65
13.87,146.09
15.61,173.4
136.93,282.62
148.25,780.97
9.75,133.8
31.2,218.45
26,146.09
15.6,114.69
52,333.14
32.93,245.76
29.26,57.34
188.93,578.9
31.2,172.03
13.87,131.07
26,77.82
48.53,133.8
202.87,551.59
175.56,486.06
19.51,203.43
104,1043.11
189.21,348.16
175.56,442.37
17.33,166.57
19.07,102.4
123.07,337.23
46.8,424.62
36.4,278.53
78.03,314.03
22.53,204.8
9.75,136.53
29.47,191.14
10.4,240.3
58.52,144.72
60.47,140.63
31.2,230.74
551.2,1720.32
8.67,16.38
60.47,199.34
33.16,204.8
29.47,163.84
3.47,133.8
118.99,129.71
29.47,234.84
3.47,5.46
56.57,158.38
29.26,176.13
130,329.04
243.83,348.16
36.4,191.14
27.73,225.28
27.73,211.63
31.2,212.99
135.2,180.22
170.68,122.88
265.29,380.93
17.56,189.78
120.94,96.94
9.75,111.96
170.68,122.88
251.64,417.79
13.87,137.9
26,114.69
1.95,122.88
55.47,360.45
19.51,603.48
79.98,288.77
115.09,368.64
175.56,263.51
56.57,163.84
29.26,125.61
208,693.59
35.11,177.49
15.61,185.68
62.42,301.05
10.4,95.57
52,323.58
140.4,271.7
56.57,184.32
60.47,184.32
15.61,176.13
46.8,464.21
78.03,344.06
27.31,210.26
29.26,8.19
7.8,208.89
10.4,32.77
97.53,316.76
11.7,77.82
17.56,163.84
12.13,155.65
52.67,136.53
10.4,38.23
78,447.83
134.6,360.45
21.46,151.55
29.26,8.19
50.27,274.43
50.72,125.61
17.33,135.17
26,233.47
35.11,135.17
146.3,126.97
35.11,188.41
32.93,251.22
5.85,191.15
17.56,189.78
122.89,339.97
84.93,641.7
8.67,177.49
97.53,327.68
29.26,46.42
3.9,81.92
36.4,233.47
29.26,139.26
181.41,512
95.58,335.87
19.07,226.64
36.4,277.16
130,344.06
26,60.07
34.67,200.7
26,94.21
175.56,274.43
19.07,117.42
26,192.51
52,176.13
52,256.68
26,136.53
17.33,139.26
74.53,1234.26
39.87,256.68
118.99,350.89
24.27,110.59
680.78,447.83
78.03,356.35
26,43.69
12.13,185.68
22.53,187.05
31.2,195.24
10.4,16.38
146.3,266.24
53.73,268.97
10.4,81.92
145.6,249.85
20.8,161.11
5.2,54.61
19.07,73.73
29.47,266.24
20.8,170.67
10.4,188.41
19.51,136.53
31.2,148.82
146.3,266.24
13.65,148.82
10.4,38.23
31.2,263.51
62.4,376.83
33.16,102.4
15.6,221.18
26,165.2
140.45,368.64
31.2,159.74
6.27,131.66
26,88.74
29.47,131.07
12.13,335.87
36.4,163.84
38.13,253.95
130,299.01
54.62,147.45
24.27,181.59
15.6,139.26
146.3,117.42
26,174.08
17.56,187.05
26,208.89
351.87,688.13
26,169.3
156.05,574.8
26,80.55
52,150.19
146.3,109.23
390,1283.41
36.4,147.45
58.52,294.91
50.72,196.61
318.93,569.34
8.67,187.05
402.13,611.67
76.27,425.98
3.9,81.92
170.68,122.88
22.53,180.22
170.68,122.88
52,228.01
31.21,118.78
115.09,356.35
31.2,237.57
15.6,218.45
170.68,122.88
12.13,136.53
10.4,133.8
22.53,249.85
226.28,540.67
130,350.89
26,148.82
26,57.34
13.65,141.99
26,196.61
19.07,126.97
38.13,212.99
58.52,207.53
13.87,114.69
31.2,180.22
21.46,193.88
71.07,278.53
32.93,296.28
298.45,475.13
46.8,266.24
10.4,32.77
26,140.63
42.91,109.22
225.33,884.73
368.68,901.12
29.47,176.13
117.87,409.6
10.4,109.23
5.2,30.04
13.87,192.51
158,371.37
58.52,81.92
5.2,87.38
5.85,135.17
15.61,176.13
10.4,76.46
15.61,154.28
19.07,132.44
54.62,230.74
10.4,95.57
31.21,173.4
22.53,114.69
12.13,79.19
148.25,356.35
239.2,715.43
5.2,79.19
26,189.78
130,316.76
7.8,135.17
21.46,154.28
68.27,316.76
48.77,376.83
234,638.97
118.99,471.04
20.8,192.51
20.8,131.07
39.87,299.01
12.13,132.44
57.2,212.99
26,60.07
29.26,98.3
22.53,204.8
58.52,163.84
32.93,240.3
46.82,460.8
19.51,385.02
41.6,207.53
56.57,144.72
27.73,161.11
29.47,157.01
183.36,400.04
26,77.82
7.8,152.92
331.61,337.92
10.4,109.23
119.6,363.18
130,357.72
43.33,192.51
5.85,144.72
19.07,154.28
26,174.76
22.53,184.32
32.93,178.86
175.56,502.44
19.07,155.65
31.2,200.7
46.82,393.22
20.8,128.34
17.56,162.47
26,182.95
195.07,398.68
31.2,262.14
31.2,191.15
6.93,87.38
38.13,169.3
208,1010.35
107.47,944.81
13.87,144.72
7.8,125.61
26,71
60.47,174.76
19.07,143.36
39.87,131.07
26,159.74
15.61,165.2
31.2,241.66
87.78,218.45
25.36,240.3
19.07,155.65
5.2,43.69
35.11,166.57
38.13,238.93
26,65.53
105.73,835.58
32.93,203.43
52,118.78
10.4,185.68
104,1119.57
31.2,241.66
35.11,189.78
19.07,289.45
110.93,202.07
31.21,307.2
5.2,40.96
34.67,125.61
218.47,399.36
177.51,299.01
706.14,379.56
107.47,966.65
680.78,360.45
146.3,182.95
10.4,81.92
52,371.37
17.33,137.9
13.87,163.84
15.61,184.32
124.84,389.12
218.4,983.04
101.43,348.16
9.75,146.09
52,305.83
135.2,203.43
22.53,221.18
26,180.22
5.85,151.55
15.6,117.42
116.13,307.2
202.87,389.12
17.56,197.97
24.27,172.03
26,69.63
224.33,323.58
26,136.53
12.13,143.36
31.2,255.31
58.52,131.07
680.78,327.68
17.33,141.99
29.47,206.16
10.4,136.53
26,251.22
31.2,131.07
22.53,182.95
13.65,150.19
126.79,527.02
101.43,311.29
26,79.19
67.6,289.45
36.4,207.53
33.16,182.95
197.02,415.06
60.67,365.91
95.33,622.59
5.85,225.28
176.8,393.21
5.85,147.45
19.07,471.04
45.07,226.64
19.07,182.95
36.4,98.3
27.31,109.23
15.61,124.24
24.27,91.48
8.67,81.92
68.27,320.85
27.73,128.34
31.2,125.61
26,75.09
12.13,81.92
146.3,126.97
78.03,376.83
19.07,158.38
26,147.45
26,88.74
33.16,548.86
55.47,299.01
12.13,159.74
19.8,155.65
10.4,49.15
21.46,163.84
146.3,136.53
31.21,176.13
145.6,244.39
189.21,318.12
10.4,125.61
62.4,376.83
6.93,180.22
28.8,125.61
27.73,184.32
25.36,155.65
43.33,229.37
12.13,193.88
130,329.04
1.95,98.3
31.2,81.92
10.4,16.38
56.57,200.7
117.04,150.19
95.58,397.31
17.33,143.36
27.73,214.35
20.8,150.19
31.2,151.55
9.75,137.9
20.8,311.29
46.8,288.08
29.26,141.99
183.36,258.05
117.04,144.72
39.01,65.53
372.67,1327.1
178.53,215.72
104,1032.19
43.33,274.43
1.95,163.84
17.33,116.05
31.2,191.14
13.87,69.63
36.4,125.61
130,356.35
10.4,137.9
27.73,188.41
62.42,122.88
44.87,539.31
19.07,356.35
13.87,180.22
36.4,203.43
11.7,117.42
31.21,169.3
31.2,229.37
54.62,133.8
20.8,184.32
197.02,314.02
26,202.07
20.8,172.03
31.2,271.7
3.47,38.23
15.61,193.88
3.47,43.69
58.52,144.72
118.99,111.96
13.87,159.74
140.4,259.41
26,229.37
117.04,133.8
26,155.65
10.4,68.27
674.93,275.8
17.33,161.11
197.02,391.85
115.09,324.95
20.8,158.38
10.4,234.84
28.8,128.34
29.26,32.77
6.93,191.15
31.2,181.59
48.77,163.84
10.4,152.92
140.4,353.62
50.72,325.63
45.07,244.39
54.62,195.24
678.83,270.33
10.4,81.92
17.56,177.49
13.65,159.74
17.56,172.03
170.68,122.88
26,202.07
5.85,122.88
13.87,155.65
5.85,129.71
29.47,204.8
32.93,129.71
10.4,103.76
6.93,128.34
8.67,146.09
46.82,165.2
117.04,101.03
130,374.1
178.53,791.89
58.52,109.23
26,217.96
183.36,453.29
11.7,177.49
126.79,397.31
3.47,103.76
138.5,339.97
19.07,155.65
57.2,206.16
7.8,141.99
27.73,167.93
140.4,192.51
20.8,151.55
26,43.69
136.93,274.43
26,72.36
170.68,122.88
26,152.92
3.9,131.07
10.4,114.69
249.69,999.42
142.13,182.95
26,344.06
7.8,107.86
7.8,118.78
33.16,125.61
26,196.61
22.53,140.63
26,199.34
55.47,202.07
8.67,110.59
210.67,344.06
117.04,114.69
117.04,94.21
126.53,382.29
26,95.57
146.3,169.3
74.13,477.86
26,174.76
36.4,267.6
146.3,266.24
15.6,158.38
24.27,80.55
175.56,315.39
29.47,206.16
175.56,578.9
55.47,278.53
19.51,187.05
22.53,218.45
175.56,595.28
5.85,154.28
149.07,427.35
29.47,207.53
124.84,466.94
15.61,215.72
12.13,199.34
24.27,184.32
267.24,363.18
76.27,371.37
130,279.89
56.57,180.22
9.75,118.78
27.73,294.91
19.07,147.45
1.73,191.15
10.4,191.15
2368.11,1282.05
9.75,135.17
7.8,122.88
58.52,202.07
146.3,266.24
208,835.58
292.93,764.59
20.8,167.93
83.2,141.99
29.47,161.11
26,77.82
12.13,94.21
87.78,359.08
5.2,152.92
150.8,409.6
27.31,191.14
367.47,786.43
317.96,432.13
93.63,390.48
19.07,73.73
84.93,314.03
107.47,939.35
19.07,118.78
31.2,238.93
130,401.41
7.8,132.44
24.27,71
19.07,181.59
5.85,81.92
29.47,177.49
1.95,98.3
3.47,84.65
5.2,32.77
20.8,140.63
17.33,174.76
107.47,225.28
3.47,84.65
110.93,206.16
36.4,260.78
22.53,187.05
15.61,193.87
12.13,117.42
24.27,152.92
32.93,210.26
26,83.28
402.13,1474.56
29.47,147.45
95.58,364.54
13.65,161.11
8.67,385.02
29.26,5.46
218.4,780.97
10.4,81.92
26,200.7
10.4,21.84
170.68,122.88
179.46,248.49
8.67,133.8
166.4,606.21
134.6,117.42
235.73,595.28
15.61,181.59
26,212.99
134.6,383.66
15.6,173.4
29.47,158.38
1.73,69.63
150.8,294.91
117.04,117.42
15.61,161.11
5.85,135.17
31.2,258.05
53.73,522.92
39.87,147.46
17.33,126.97
41.6,294.91
24.27,180.22
2470,1032.19
204.82,371.37
29.26,29.26
20.43,178.47
29.47,256.68
56.57,197.97
31.2,90.11
308.53,770.05
31.2,187.05
271.14,565.25
26,98.3
56.57,202.07
170.68,122.88
31.2,233.47
48.53,206.16
17.33,114.69
214.93,786.43
3.47,32.77
20.8,158.38
67.6,212.99
377.87,1130.49
5.2,43.69
5.2,199.34
60.67,275.8
13.65,162.47
22.53,131.07
27.73,327.68
24.27,182.95
334.53,737.28
32.93,431.44
117.04,121.51
41.6,212.99
19.07,180.22
27.73,221.18
6.93,117.42
31.2,131.07
682.73,376.83
58.93,223.91
19.07,132.44
31.2,214.35
135.2,215.72
686.63,303.1
6.93,125.61
1.73,73.73
24.27,176.13
1.95,102.4
15.6,144.72
26,73.73
25.2,180.22
24.27,165.2
19.51,233.47
19.07,154.28
31.2,236.2
22.53,139.26
53.73,273.07
54.62,154.28
3.47,81.92
13.65,166.57
104,207.53
10.4,152.92
6.93,117.42
243.83,638.97
136.93,326.31
166.4,802.81
105.73,166.57
1.95,92.84
31.2,141.99
212.62,424.62
114.4,222.55
31.21,191.14
34.67,187.05
146.3,326.31
54.62,147.46
6.93,54.61
13.87,129.7
29.26,2.73
195.07,371.37
10.4,65.53
198.97,438.27
277.33,715.43
15.6,135.17
117.04,143.36
29.26,358.4
5.2,131.07
31.2,98.3
140.4,210.26
22.53,110.59
26,158.38
31.2,122.88
74.13,174.76
27.73,162.47
218.4,688.13
29.47,191.15
253.59,413.69
17.33,464.21
1.73,90.11
27.73,158.38
28.8,143.36
52,207.53
29.26,16.38
5.2,109.22
31.2,118.78
26,159.74
10.4,57.34
56.57,172.03
52,349.52
35.11,374.78
29.26,5.46
5.85,147.45
13.87,144.72
22.53,176.13
31.2,151.55
52.67,155.65
21.46,217.09
26,87.38
29.47,143.36
31.2,169.3
31.2,262.14
26,105.13
36.4,147.46
88.4,202.07
3.47,38.23
10.4,131.07
31.21,140.63
5.85,151.55
10.4,81.92
9.75,158.38
19.07,166.57
15.6,139.26
3.9,139.26
29.47,238.93
15.6,161.11
680.78,344.06
109.2,1037.65
36.4,247.12
9.75,131.07
223.6,638.97
26,38.23
227.07,1037.65
26,66.9
256.53,660.82
130.69,374.1
15.61,195.24
79.98,333.14
216.67,737.28
107.47,1059.5
128.27,311.29
79.98,354.98
5.2,49.15
20.8,155.65
48.53,349.52
19.07,94.21
26,154.28
50.72,147.45
32.93,475.13
27.31,174.76
245.78,442.37
19.07,135.17
130,350.89
27.31,252.58
43.33,327.68
58.52,174.76
17.33,192.51
177.51,258.05
179.46,402.77
260,567.98
26,212.99
109.24,471.04
249.6,644.44
31.2,217.09
150.2,386.39
130,389.12
13.87,177.49
5.2,21.84
26,64.17
1.73,144.72
20.8,133.8
13.87,131.07
12.13,122.88
142.4,379.56
13.65,180.22
60.47,174.76
31.2,253.95
85.83,448.51
114.4,628.05
93.63,547.5
170.68,122.88
29.26,8.19
146.3,207.53
87.78,385.02
27,160.91
22.53,204.8
7.8,139.26
31.2,150.19
58.52,193.88
10.4,212.99
312,780.97
26,187.05
58.52,141.99
306.8,808.28
177.51,480.6
17.56,176.13
24.27,137.9
26,147.45
26,65.53
43.33,371.37
35.11,92.84
26,65.53
54.34,159.45
26,65.53
13.87,81.92
26,65.53
17.33,203.43
142.13,285.35
10.4,147.45
7.8,148.82
31.2,176.13
26,234.84
104,1114.11
8.67,147.45
58.52,159.74
12.13,150.18
68.27,372.73
9.75,157.01
13.65,144.72
6.93,49.15
87.78,308.56
45.07,163.84
81.47,174.76
117.04,136.53
17.56,167.93
10.4,150.19
112.67,1070.42
5.85,128.34
32.93,178.86
126.53,413.69
9.75,193.88
31.2,218.45
17.33,155.65
68.27,312.66
5.2,202.07
175.56,289.45
26,344.06
6.93,173.4
11.7,184.32
12.13,71
66.32,305.15
19.07,147.45
13.87,488.79
12.13,141.99
26,264.87
58.52,169.3
32.93,188.41
31.2,184.32
36.4,141.99
19.07,162.47
19.07,94.21
1.73,81.92
130,331.77
146.3,266.24
7.8,137.9
9.75,174.76
31.2,109.22
146.3,266.24
109.2,226.64
31.2,146.09
20.8,154.28
15.61,150.19
123.07,454.65
26,136.53
60.47,208.89
26,61.44
117.04,87.38
195.07,557.05
5.2,87.38
19.07,163.84
22.53,177.49
10.4,21.84
1.73,57.34
107.29,453.29
27.31,196.6
5.85,131.07
15.61,148.82
19.51,192.51
193.12,294.91
179.46,578.9
10.4,57.34
114.4,203.43
29.47,196.61
3.9,107.86
15.6,147.45
56.57,150.19
48.53,163.84
197.02,232.1
26,169.3
24.27,65.53
19.07,114.69
50.27,245.76
19.51,174.76
26,90.11
55.47,360.45
301.6,573.44
191.17,409.6
179.46,342.7
10.4,54.61
78,245.76
19.07,75.09
29.26,32.77
28.8,121.51
6.93,49.15
43.33,279.89
10.4,135.17
32.93,159.74
15.6,159.74
31.2,234.83
130.69,434.17
27.73,180.22
19.07,125.61
31.2,146.09
31.2,148.82
146.3,162.47
157.73,342.7
1.95,102.4
5.2,86.01
15.61,206.16
26,188.42
19.07,49.15
189.21,589.82
31.2,181.59
50.27,147.45
109.2,178.86
191.17,731.82
37.06,191.14
21.46,177.49
246.13,895.66
170.68,122.88
46.8,152.92
170.68,122.88
50.27,279.89
43.33,214.35
117.04,144.72
32.93,207.53
136.55,555.69
193.12,413.69
72.8,436.91
12.13,167.93
147.33,225.28
26,54.61
19.07,182.95
17.33,217.09
228.23,622.59
9.75,165.2
212.62,357.72
26,170.66
48.77,356.35
31.2,251.22
5.85,131.07
299.87,621.23
46.8,557.05
130,368.64
26,262.14
41.6,248.49
17.33,166.57
31.2,251.22
27.73,188.41
37.06,247.12
19.07,147.45
107.29,380.93
26,71
31.2,166.57
130,331.77
13.65,129.71
29.47,195.24
146.3,158.38
22.53,177.49
339.73,608.94
26,180.22
46.82,307.2
6.93,95.57
296.4,1119.57
9.75,140.63
6.93,27.31
29.47,243.03
31.2,238.93
19.51,141.99
166.4,431.44
31.2,273.06
29.47,311.29
24.27,65.53
230.53,797.35
26,98.3
7.8,114.69
13.65,139.26
19.07,125.61
684.68,267.6
19.07,139.26
26,180.22
19.07,135.17
29.47,208.89
97.53,370
31.2,162.47
22.53,137.9
156,255.32
135.2,236.2
26,188.41
30.6,157.01
15.61,176.13
20.8,101.03
200.92,260.78
12.13,131.07
170.68,122.88
58.93,277.16
1.73,90.11
10.4,54.61
22.53,129.71
58.52,150.19
19.07,144.72
22.53,117.42
19.07,161.11
21.46,218.45
183.36,330.41
2444.18,1771.52
53.73,247.12
3.47,125.61
13.87,136.53
33.16,223.91
26,137.9
31.2,177.49
36.4,163.84
72.17,383.66
52,151.55
7.8,133.8
26,229.37
36.4,262.14
31.21,189.78
22.53,188.41
19.07,217.09
55.47,398.68
109.24,453.29
33.16,185.68
29.47,49.15
24.27,305.83
26,163.84
3.47,54.61
50.27,253.95
358.92,513.36
36.4,180.22
95.58,397.31
682.73,300.37
149.07,182.95
20.8,192.51
29.47,273.06
33.16,169.3
58.93,346.79
170.68,122.88
21.46,187.05
35.11,207.53
29.26,2.73
19.07,150.19
18.81,155.06
19.8,126.97
52.67,176.13
14.63,212.11
54.62,180.22
247.73,397.31
31.2,146.09
29.47,238.93
19.07,226.64
115.09,475.13
26,80.55
78.03,320.85
109.2,1223.34
81.93,375.46
26,96.94
15.6,118.78
24.27,222.55
58.52,169.3
15.61,177.49
52,21.84
31.2,196.61
19.07,147.45
27.73,141.99
22.53,172.03
17.33,173.4
36.4,237.57
15.61,163.84
678.83,314.03
38.13,273.07
126.53,389.12
69.33,278.53
10.4,109.22
5.85,159.74
37.06,311.29
22.53,159.74
8.67,131.07
15.6,110.59
146.3,228.01
130,318.12
27.73,161.11
55.47,346.79
36.4,120.15
27.73,154.28
146.3,266.24
110.93,181.59
31.2,233.47
54.62,187.05
26,267.6
130,434.17
17.56,192.51
27.73,158.38
8.67,73.73
112.67,330.41
19.51,167.93
10.4,158.38
29.47,212.99
20.8,397.31
142.4,408.23
5.85,125.61
10.4,314.02
13.87,87.38
10.4,114.69
5.85,98.3
20.8,199.34
19.07,172.03
76.27,316.76
29.26,177.49
27.73,294.91
32.93,311.29
26,83.28
146.3,266.24
31.2,244.39
4.18,109.71
29.26,30.04
130,341.33
15.6,165.2
239.93,589.82
86.67,771.41
117.04,131.07
118.99,122.88
9.75,172.03
17.56,182.95
1.73,62.8
216.67,1938.77
26,278.53
29.47,240.3
52,215.72
15.6,109.23
10.4,95.57
10.4,43.69
5.85,107.86
46.8,293.55
5.2,180.22
193.12,323.58
29.47,154.28
26,238.93
10.4,60.07
13.87,350.89
31.2,152.92
37.06,161.11
13.65,196.61
62.42,110.59
5.85,122.88
48.77,151.55
72.8,297.64
20.8,143.36
26,50.51
38.13,289.45
27.73,163.84
138.67,389.12
60.47,187.05
130,356.35
58.52,144.72
25.2,151.55
146.3,266.24
5.85,152.92
5.85,182.95
198.97,424.62
12.13,157.01
117.04,122.88
46.8,214.35
10.4,278.53
26,147.45
31.2,177.49
24.27,120.15
13.87,139.26
91.68,380.93
24.27,172.03
31.2,163.84
31.2,248.49
15.61,212.99
26,158.38
6.93,76.46
29.47,141.99
9.75,193.88
10.4,147.45
170.68,122.88
78,415.06
120.94,348.16
13.65,135.17
29.47,202.07
200.92,270.33
52,262.14
35.11,178.86
15.6,152.92
19.07,136.53
5.2,338.6
27.73,218.45
109.2,200.7
306.8,649.9
197.02,431.44
10.4,92.84
29.47,155.65
36.4,103.76
121.33,338.6
149.07,204.8
19.07,176.13
12.13,128.34
142.13,292.18
20.8,180.22
26,180.22
29.47,182.95
24.27,263.51
20.8,158.38
676.88,273.07
50.72,185.68
146.3,240.3
19.07,158.38
29.26,191.14
5.2,84.65
6.93,49.15
26,174.76
136.55,569.34
26,136.53
27.73,170.66
5.85,114.69
674.93,311.29
240.93,551.59
15.6,136.53
197.02,326.31
9.75,105.13
33.16,167.93
170.68,122.88
55.47,174.76
32.93,319.49
29.47,139.26
22.53,131.07
31.2,305.83
19.07,122.88
43.33,245.76
36.4,92.84
10.4,109.23
48.77,251.22
109.2,233.47
112.67,225.28
55.47,258.05
27.73,217.08
19.07,161.11
78.03,180.22
117.04,109.23
10.4,98.3
56.57,163.84
36.4,131.07
202.87,518.83
11.7,157.01
10.4,54.61
154.27,296.27
117.04,94.21
32.93,148.82
191.17,830.12
19.07,215.72
26,65.53
240.93,759.12
15.6,135.17
24.27,169.3
35.11,200.7
15.61,252.58
3.47,81.92
95.58,365.91
42.91,125.61
26,71
60.47,207.53
31.2,215.72
13.65,158.38
120.94,446.46
5.85,109.23
31.2,169.3
58.52,331.77
195.07,704.51
31.2,307.2
22.53,174.76
308.21,435.54
76.08,349.52
8.67,57.34
26,191.15
130,345.43
71.07,409.6
31.2,221.18
15.61,167.93
700.29,390.48
54.62,161.11
54.62,155.65
34.67,192.51
27.73,121.51
27.73,131.07
10.4,114.69
6.93,35.5
124.84,415.06
31.2,245.76
24.27,151.55
417.73,841.04
15.61,159.74
52,327.68
31.2,136.53
117.04,120.15
17.33,154.28
22.53,161.11
120.94,311.29
91.68,425.98
44.87,131.07
45.07,238.93
78.03,357.72
146.3,266.24
135.2,305.83
15.61,125.61
99.48,420.52
170.68,122.88
17.56,206.16
7.8,155.65
26,267.6
56.57,180.22
19.51,144.72
31.2,193.88
5.85,163.84
60.47,196.61
32.93,282.62
31.2,199.34
15.6,131.07
9.75,133.8
9.75,135.17
13.87,147.45
95.58,487.42
26,69.63
19.51,206.16
9.75,166.57
54.62,155.65
58.93,376.83
20.8,185.68
52,174.76
13.87,151.55
26,300.37
175.56,420.52
15.61,219.82
117.04,172.03
52,163.84
31.2,268.97
9.75,118.78
27.73,251.22
41.6,389.12
13.87,234.84
52.67,161.11
117.87,226.64
46.8,210.26
26,71
24.27,162.47
29.47,211.62
27.73,148.82
22.53,148.82
198.97,339.97
11.7,202.07
159.47,233.47
38.13,221.18
22.53,107.86
41.6,208.89
24.27,221.18
26,140.63
27.73,185.68
48.53,312.66
71.07,371.37
29.47,151.55
5.85,131.07
31.2,155.65
52,305.83
140.4,368.64
29.47,236.2
8.67,32.77
170.68,122.88
34.67,255.32
32.93,241.66
246.13,764.58
15.6,174.76
10.4,54.61
13.87,131.07
38.13,226.64
5.85,116.05
13.87,303.1
204.82,409.6
68.27,367.27
31.2,161.11
48.53,281.26
35.29,286.72
20.8,159.74
60.47,226.64
170.68,122.88
200.92,266.24
31.2,204.8
62.4,1043.11
54.62,180.22
9.75,169.3
58.52,264.87
19.51,132.44
175.56,425.98
62.42,315.39
192.4,906.58
22.53,322.22
55.47,166.57
178.53,361.81
21.46,176.13
218.4,720.9
36.4,181.59
11.7,210.26
26,185.68
56.57,184.32
17.33,245.76
17.33,184.32
20.8,132.44
10.4,21.84
28.8,187.05
175.56,371.37
52,288.08
8.67,87.38
27.73,148.82
122.89,345.43
15.61,163.84
17.33,151.55
7.8,136.53
